,Name,Team_actual,W_actual,L_actual,QS,ERA_actual,G_actual,GS_actual,SV_actual,HLD,IP_actual,TBF,H,R,ER,HR,BB,IBB,HBP,SO,K/9_actual,BB/9_actual,K/BB,HR/9_actual,K%,BB%,K-BB%,AVG,WHIP,BABIP_actual,LOB%_actual,GB%_actual,HR/FB_actual,FIP_actual,WAR_actual,RA9-WAR,ADP,InterSD,InterSK,IntraSD,PlayerId_actual,Team_projected,W_projected,L_projected,SV_projected,G_projected,GS_projected,IP_projected,K/9_projected,BB/9_projected,HR/9_projected,BABIP_projected,LOB%_projected,GB%_projected,HR/FB_projected,vFA (pi),ERA_projected,xERA,FIP_projected,xFIP,WAR_projected,NameASCII,PlayerId_projected,MLBAMID,diff,Shortened_Name
0,Zack Wheeler,PHI,13.0,9.0,15.0,3.37673,30.0,29.0,0.0,0.0,181.0,737.0,161.0,74.0,68.0,18.0,43.0,1.0,7.0,183.0,9.07351,2.13889,4.24217,0.890616,0.248005,0.0584619,0.1895432695746421,0.234188,1.12448,0.294015,0.726884,,,3.21738,4.10978,3.96526,54.36000061035156,1.88274,2.23068,0.858657,10310,PHI,13,6,0,32,32,192.0,9.9375,1.828125,0.9375,0.291913214990138,0.7128,0.41221374,0.0990099,95.96198830409357,3.609375,3.21,3.150873215993246,3.5361715966214744,5.944300174713135,Zack Wheeler,10310,554430,0.2326450000000002,Z.Wheeler
1,Spencer Strider,ATL,13.0,7.0,12.0,3.14368,29.0,29.0,0.0,0.0,159.0,639.0,118.0,60.0,55.0,15.0,55.0,1.0,7.0,216.0,12.2483,3.10299,3.94725,0.857291,0.338153,0.0856678,0.2524848058819771,0.203493,1.08505,0.295657,0.741182,,,2.78919,4.27144,4.11938,27.040000915527344,3.70584,-0.305083,1.06957,27498,ATL,20,5,0,32,32,186.2,13.548189552070072,2.796423466263574,1.06071234927239,0.3155216284987277,0.7025,0.34057971,0.121546961,97.37582417582418,3.857135815535964,3.09,2.853254901874916,2.9242737606487665,5.518599987030029,Spencer Strider,27498,675911,0.7134558155359643,S.Strider
2,Kevin Gausman,TOR,13.0,8.0,15.0,3.41101,30.0,30.0,0.0,0.0,177.0,713.0,158.0,73.0,67.0,21.0,38.0,1.0,5.0,197.0,10.0574,1.91987,5.23856,1.08702,0.276952,0.052868,0.2240839228034019,0.235146,1.10539,0.301824,0.740611,,,3.17131,4.0046,3.36396,59.91999816894531,2.65618,-0.613602,0.925021,14107,TOR,12,9,0,31,31,185.0,11.52972972972973,2.675675675675676,0.9243243243243244,0.3207126948775056,0.7665,0.426406926,0.107344632,94.64551282051282,3.1621621621621623,3.87,2.9685533961734256,3.215274834955061,5.295440196990967,Kevin Gausman,14107,592332,-0.24884783783783782,K.Gausman
3,Sonny Gray,MIN,9.0,8.0,10.0,3.79987,27.0,27.0,0.0,0.0,142.0,592.0,125.0,65.0,60.0,15.0,49.0,1.0,7.0,140.0,8.92481,3.11213,2.86775,0.985,0.23723,0.0827234,0.1545067802071571,0.234132,1.23235,0.289377,0.716716,,,3.73255,2.31644,1.93237,211.97000122070312,3.0866,-0.294339,0.552468,12768,MIN,8,8,0,32,32,184.0,8.951086956521738,2.690217391304348,0.391304347826087,0.2948207171314741,0.7677,0.473267326,0.051948051,92.84129464285714,2.7880434782608696,3.69,2.825692056572956,3.644259171252665,5.284530162811279,Sonny Gray,12768,543243,-1.0118265217391302,S.Gray
4,Gerrit Cole,NYY,15.0,8.0,17.0,3.2674,31.0,31.0,0.0,0.0,194.0,768.0,154.0,76.0,70.0,27.0,48.0,1.0,5.0,243.0,11.2755,2.24226,5.02864,1.24902,0.315864,0.0628131,0.2530509755015373,0.215498,1.04476,0.285534,0.764457,,,3.23399,4.12682,4.39242,16.06999969482422,2.34338,-1.82032,1.36845,13125,NYY,15,4,0,33,33,209.0,9.559808612440191,2.0669856459330145,0.861244019138756,0.2614503816793893,0.8043,0.396296296,0.094339622,96.83391003460208,2.626794258373206,3.48,3.164130791750821,3.5971969077461647,5.226980209350586,Gerrit Cole,13125,543037,-0.6406057416267941,G.Cole
5,Zac Gallen,ARI,11.0,8.0,14.0,3.50358,30.0,30.0,0.0,0.0,176.0,722.0,149.0,75.0,69.0,20.0,54.0,1.0,9.0,187.0,9.53683,2.74359,3.47603,1.01654,0.258584,0.0743905,0.1841933280229568,0.225523,1.1493,0.284428,0.732631,,,3.52176,2.99655,3.5575,71.13999938964844,3.77876,-0.131739,0.715264,19291,ARI,17,9,0,34,34,210.0,9.428571428571429,2.0142857142857142,0.9428571428571428,0.3007246376811594,0.7314,0.417832167,0.109452736,93.51571164510166,3.4714285714285715,4.18,3.2645636921837218,3.485153864395051,5.165850162506104,Zac Gallen,19291,668678,-0.032151428571428387,Z.Gallen
6,Justin Steele,CHC,8.0,8.0,9.0,3.78339,27.0,27.0,0.0,0.0,144.0,610.0,130.0,66.0,60.0,13.0,57.0,1.0,7.0,142.0,8.87829,3.55055,2.50054,0.840251,0.23214,0.0928362,0.1393041908740997,0.236951,1.29696,0.296504,0.72028,,,3.67579,2.28495,2.19233,285.2200012207031,1.75314,-0.537123,0.761086,17312,CHC,16,5,0,30,30,173.1,9.138479505043817,1.869234444213508,0.7269245060830309,0.3167701863354037,0.73,0.493877551,0.098591549,,3.063467561349916,3.5,3.0185009560773386,3.3229791360742857,4.872099876403809,Justin Steele,17312,657006,-0.7199224386500838,J.Steele
7,Logan Webb,SFG,13.0,9.0,15.0,3.58339,32.0,32.0,0.0,0.0,190.0,792.0,182.0,82.0,76.0,13.0,51.0,1.0,9.0,163.0,7.71906,2.41177,3.20058,0.639482,0.205689,0.0642661,0.1414225623011589,0.24808,1.22477,0.302499,0.703808,,,3.25969,3.85976,3.44666,108.51000213623048,3.99961,1.16035,1.00644,17995,SFG,11,13,0,33,33,216.0,8.083333333333334,1.2916666666666667,0.8333333333333334,0.3016666666666667,0.7368,0.621138211,0.153846153,92.669913232854,3.25,3.66,3.16244729006732,2.9538171007677363,4.854579925537109,Logan Webb,17995,657277,-0.3333900000000001,L.Webb
8,Zach Eflin,TBR,8.0,8.0,10.0,3.91323,26.0,26.0,0.0,0.0,143.0,591.0,139.0,68.0,62.0,17.0,31.0,1.0,6.0,123.0,7.75368,1.93747,4.00197,1.04131,0.208592,0.0521223,0.156469389796257,0.251519,1.18975,0.296422,0.697761,,,3.661,2.35416,1.91542,275.3399963378906,2.6134,0.125822,0.419429,13774,TBR,16,8,0,31,31,177.2,9.422120764352217,1.2157575179809312,0.9624747017349038,0.2951167728237792,0.7323,0.497925311,0.11728395,93.10000253652598,3.495302864195177,3.11,3.0073855734415744,3.124701515948757,4.799570083618164,Zach Eflin,13774,621107,-0.4179271358048231,Z.Eflin
9,Pablo López,MIN,10.0,9.0,12.0,3.77097,29.0,29.0,0.0,0.0,166.0,686.0,151.0,75.0,69.0,20.0,47.0,1.0,8.0,164.0,8.88389,2.56105,3.46885,1.06006,0.238453,0.0687411,0.169711634516716,0.23897,1.19357,0.293157,0.717567,,,3.67659,2.52535,2.36667,164.88999938964844,2.33441,-0.403719,0.691259,17085,MIN,11,8,0,32,32,194.0,10.855670103092784,2.2268041237113403,1.11340206185567,0.3127572016460905,0.7623,0.452380952,0.13114754,94.87547709923663,3.6649484536082473,3.0,3.3323594702887784,3.283718149010668,4.470280170440674,Pablo Lopez,17085,641154,-0.10602154639175287,P.López
10,George Kirby,SEA,10.0,8.0,12.0,3.43937,29.0,29.0,0.0,0.0,156.0,637.0,150.0,65.0,59.0,16.0,30.0,1.0,6.0,154.0,8.90267,1.74676,5.09668,0.910659,0.241488,0.0473814,0.1941065713763237,0.249058,1.15619,0.310509,0.730197,,,3.1491,3.3659,2.57734,96.2699966430664,2.87792,-2.23253,0.59618,25436,SEA,13,10,0,31,31,190.2,8.118866607984456,0.8968515439052598,1.0384596824166166,0.2918215613382899,0.7506,0.441651705,0.106796116,96.18571428571428,3.351392611435444,3.82,3.3442005624633597,3.63051491478234,4.377769947052002,George Kirby,25436,669923,-0.08797738856455561,G.Kirby
11,Framber Valdez,HOU,14.0,8.0,17.0,3.32019,30.0,30.0,0.0,0.0,190.0,797.0,169.0,76.0,70.0,14.0,66.0,1.0,10.0,179.0,8.44847,3.13711,2.69308,0.67534,0.224059,0.0831982,0.1408610343933105,0.234218,1.23554,0.292778,0.738224,,,3.41836,3.3559,3.88972,77.77999877929688,1.48667,-0.951421,1.28614,17295,HOU,12,11,0,31,31,198.0,9.090909090909092,2.590909090909091,0.8636363636363636,0.2816091954022988,0.7122,0.542056074,0.139705882,95.6615687779018,3.4545454545454546,4.33,3.4974641250841545,3.385625724118165,4.341350078582764,Framber Valdez,17295,664285,0.1343554545454544,F.Valdez
12,Jordan Montgomery,STL,10.0,8.0,12.0,3.69171,31.0,31.0,0.0,0.0,172.0,710.0,162.0,77.0,71.0,20.0,44.0,1.0,6.0,155.0,8.09123,2.29122,3.5314,1.06032,0.218161,0.0617774,0.1563833877444267,0.244747,1.1927,0.291284,0.726669,,,3.70968,2.62632,2.81649,165.85000610351562,2.55687,-1.62514,0.60632,16511,- - -,10,11,0,32,32,188.2,7.918726420828211,2.289752218070808,0.858657081776553,0.2939001848428835,0.7556,0.432432432,0.093264248,93.38051694399353,3.1961124710571696,4.04,3.562460319345345,4.01350500190116,4.297829866409302,Jordan Montgomery,16511,656756,-0.4955975289428305,J.Montgomery
13,Blake Snell,SDP,10.0,8.0,10.0,3.55339,26.0,26.0,0.0,0.0,140.0,578.0,111.0,60.0,55.0,17.0,57.0,1.0,4.0,175.0,11.2277,3.66776,3.06118,1.06256,0.302047,0.0986699,0.2033767998218536,0.215372,1.20355,0.290914,0.745857,,,3.45481,2.65607,2.58412,110.86000061035156,4.44524,-0.107428,0.662675,13543,SDP,14,9,0,32,32,180.0,11.7,4.95,0.75,0.2557544757033248,0.8673,0.444444444,0.108695652,95.6859182349124,2.25,3.77,3.4383732159932454,3.622610451777776,4.099480152130127,Blake Snell,13543,605483,-1.3033899999999998,B.Snell
14,Aaron Nola,PHI,13.0,10.0,15.0,3.50019,31.0,31.0,0.0,0.0,194.0,779.0,167.0,82.0,76.0,23.0,40.0,1.0,9.0,217.0,10.066,1.85228,5.43439,1.05273,0.278903,0.0513219,0.2275810614228248,0.228619,1.0653,0.294175,0.712748,,,3.14817,4.49239,3.96732,32.7400016784668,2.55453,-0.63559,1.21081,16149,PHI,12,9,0,32,32,193.2,9.387246821089017,2.0912183512327016,1.4870886053210324,0.2846003898635477,0.6641,0.426199261,0.15609756,92.87472647702408,4.461265815963097,3.77,4.029565197931284,3.631652031477104,3.880150079727173,Aaron Nola,16149,605400,0.9610758159630972,A.Nola
15,Kyle Bradish,BAL,7.0,8.0,8.0,4.20776,26.0,26.0,0.0,0.0,138.0,586.0,129.0,70.0,65.0,19.0,51.0,1.0,5.0,127.0,8.26241,3.28779,2.51305,1.2046,0.216515,0.0861562,0.1303590461611747,0.244085,1.30172,0.288224,0.712115,,,4.22738,1.17134,1.23387,322.8399963378906,5.35882,-1.14153,0.829858,24586,BAL,12,7,0,30,30,168.2,8.96440876548715,2.3478213433418724,0.7470340637905958,0.2700228832951945,0.7908,0.492204899,0.102189781,,2.8280575272072555,3.82,3.266897566212144,3.5307864571035563,3.782279968261719,Kyle Bradish,24586,680694,-1.379702472792745,K.Bradish
16,Jesús Luzardo,MIA,8.0,9.0,11.0,3.81564,27.0,27.0,0.0,0.0,147.0,614.0,127.0,68.0,62.0,16.0,55.0,1.0,6.0,159.0,9.73057,3.35587,2.89957,0.983972,0.25862,0.0891925,0.169427290558815,0.229627,1.23728,0.293359,0.716142,,,3.61981,2.28388,2.08755,145.5399932861328,2.45873,1.4095,0.620859,19959,MIA,10,10,0,32,32,178.2,10.477591955877816,2.770517103717692,1.1082068414870767,0.3111111111111111,0.7492,0.401709401,0.115183246,96.79129734085414,3.5764857157082925,3.96,3.551681107906453,3.718418142503777,3.7081398963928223,Jesus Luzardo,19959,666200,-0.2391542842917076,J.Luzardo
17,Dylan Cease,CHW,13.0,9.0,13.0,3.49668,31.0,31.0,0.0,0.0,180.0,749.0,145.0,76.0,70.0,22.0,74.0,2.0,7.0,217.0,10.843,3.6985,2.93173,1.11577,0.290178,0.0989784,0.1911991462111473,0.216808,1.2135,0.285967,0.760812,,,3.66504,3.02252,3.45102,45.29999923706055,2.69981,0.590545,1.15334,18525,CHW,7,9,0,33,33,177.0,10.88135593220339,4.016949152542373,0.9661016949152542,0.3304535637149028,0.6941,0.359832635,0.101604278,95.7755681818182,4.576271186440678,4.07,3.723966436332228,4.075248895863355,3.690190076828003,Dylan Cease,18525,656302,1.0795911864406782,D.Cease
18,Corbin Burnes,MIL,13.0,8.0,16.0,3.06326,31.0,31.0,0.0,0.0,191.0,761.0,149.0,71.0,65.0,19.0,51.0,1.0,9.0,233.0,10.9971,2.42863,4.52812,0.915871,0.305968,0.0675708,0.2383976429700851,0.212859,1.05275,0.289308,0.750089,,,2.93808,4.94321,4.92606,14.779999732971191,4.81548,-0.805662,1.3521,19361,MIL,10,8,0,32,32,193.2,9.294303783256453,3.0671202484746294,1.02237341615821,0.2438524590163934,0.7492,0.440944881,0.127906976,95.49455430772568,3.392420880888605,3.4,3.812698109655299,3.804316204920952,3.434429883956909,Corbin Burnes,19361,669203,0.32916088088860507,C.Burnes
19,Luis Castillo,SEA,13.0,9.0,16.0,3.28983,31.0,31.0,0.0,0.0,190.0,780.0,161.0,75.0,69.0,16.0,61.0,2.0,8.0,201.0,9.50246,2.89515,3.2822,0.771148,0.257072,0.0783233,0.1787491515278816,0.2256,1.16652,0.291609,0.734974,,,3.20153,3.90745,3.62882,58.90999984741211,2.10769,-0.26988,0.975168,15689,SEA,14,9,0,33,33,197.0,10.00507614213198,2.5583756345177666,1.2791878172588833,0.2672064777327935,0.7701,0.389210019,0.127272727,96.40323715693174,3.33502538071066,3.79,3.8083393750457,3.8070076063804823,3.430670022964477,Luis Castillo,15689,622491,0.04519538071065998,L.Castillo
20,Kodai Senga,NYM,10.0,7.0,10.0,3.75694,26.0,25.0,0.0,0.0,146.0,609.0,123.0,66.0,61.0,17.0,58.0,1.0,6.0,156.0,9.65524,3.57385,2.70164,1.06371,0.256706,0.0950186,0.1616871953010559,0.224987,1.23897,0.283699,0.731467,,,3.81504,2.14837,2.31009,183.00999450683597,5.3709,-0.611664,0.706762,31838,NYM,12,7,0,29,29,166.1,10.929882112311216,4.166341201227543,0.9198415639073796,0.27735368956743,0.8035,0.44691358,0.115646258,95.87376724346564,2.9759580008768163,3.87,3.6337981736805984,3.766320761947408,3.3843700885772705,Kodai Senga,31838,673540,-0.7809819991231839,K.Senga
21,Justin Verlander,NYM,13.0,7.0,13.0,3.1716,28.0,28.0,0.0,0.0,168.0,670.0,139.0,65.0,59.0,21.0,36.0,1.0,6.0,187.0,9.96552,1.94728,5.11765,1.12475,0.278477,0.0544151,0.2240623757243156,0.220948,1.03914,0.280065,0.759212,,,3.27965,4.00685,3.8941,41.470001220703125,2.54031,0.588835,1.19961,8700,- - -,13,8,0,27,27,162.1,7.983574646278789,2.4948670769621217,0.9979468307848488,0.2647702407002188,0.7692,0.355179704,0.08490566,94.44869371639786,3.215606454751179,3.69,3.846415782384267,4.564141719531046,3.30348002910614,Justin Verlander,8700,434378,0.044006454751178925,J.Verlander
22,Mitch Keller,PIT,7.0,11.0,9.0,4.38813,29.0,29.0,0.0,0.0,156.0,680.0,156.0,83.0,76.0,15.0,62.0,1.0,9.0,138.0,7.93556,3.54331,2.23959,0.878987,0.202833,0.0905672,0.112265944480896,0.256088,1.39201,0.308555,0.686735,,,3.96489,2.08072,1.32177,364.6799926757813,2.44503,-0.174401,1.62414,17594,PIT,13,9,0,32,32,194.1,9.72557451600829,2.547174278002172,1.157806490000987,0.3097514340344168,0.7169,0.436697247,0.135135135,95.25898389095416,4.214415623603593,4.16,3.8004953846159335,3.702057593667056,3.2545299530029297,Mitch Keller,17594,656605,-0.17371437639640774,M.Keller
23,Merrill Kelly,ARI,10.0,10.0,13.0,4.09892,30.0,30.0,0.0,0.0,182.0,762.0,177.0,90.0,83.0,24.0,52.0,2.0,5.0,156.0,7.6895,2.59246,2.9661,1.18367,0.204012,0.0687813,0.1352309286594391,0.250911,1.25942,0.291063,0.710859,,,4.06309,2.06679,2.35877,244.27999877929688,4.13048,0.694543,1.21045,11156,ARI,12,8,0,30,30,177.2,9.472777327601422,3.495302864195177,1.013131264984109,0.2782805429864253,0.7713,0.451965065,0.128205128,92.30932168635172,3.292676611198355,4.13,3.846033120567309,3.834343020664659,3.1731998920440674,Merrill Kelly,11156,518876,-0.8062433888016445,M.Kelly
24,Logan Gilbert,SEA,11.0,9.0,13.0,3.7731,31.0,31.0,0.0,0.0,178.0,733.0,163.0,81.0,75.0,22.0,48.0,2.0,7.0,172.0,8.71055,2.41374,3.60873,1.13236,0.234786,0.0650606,0.169725589454174,0.240065,1.18431,0.290288,0.72272,,,3.73068,2.5247,2.16664,110.66000366210938,2.43773,-1.95473,0.797445,22250,SEA,13,7,0,32,32,190.2,8.92131272621548,1.6992976621362816,1.368878672276449,0.2723735408560311,0.7512,0.414498141,0.133027522,95.7673469387755,3.729014314132396,3.69,3.8476961660592943,3.7607956347012585,3.1710801124572754,Logan Gilbert,22250,669302,-0.044085685867603974,L.Gilbert
25,Tyler Glasnow,TBR,7.0,5.0,8.0,3.28015,19.0,19.0,0.0,0.0,108.0,435.0,83.0,43.0,39.0,12.0,36.0,1.0,3.0,136.0,11.3629,3.00643,3.77953,0.974323,0.313492,0.0829448,0.2305475994944572,0.209125,1.10087,0.286829,0.742348,,,3.07627,2.44059,2.36196,123.30999755859376,3.09243,-0.271012,0.723166,14374,TBR,10,7,0,21,21,120.0,12.15,2.775,0.975,0.2941176470588235,0.7004,0.512280701,0.144444444,96.491123046875,3.525,3.63,2.913373215993245,2.7450545698404314,3.1504499912261963,Tyler Glasnow,14374,607192,0.24485,T.Glasnow
26,Miles Mikolas,STL,11.0,11.0,14.0,3.91444,30.0,30.0,0.0,0.0,183.0,757.0,178.0,86.0,80.0,24.0,40.0,1.0,8.0,136.0,6.68103,1.98753,3.36148,1.19009,0.179308,0.053342,0.1259658224880695,0.251572,1.19562,0.280832,0.715356,,,4.14246,1.98546,2.55954,232.08999633789065,5.41405,1.20866,0.853428,9803,STL,9,13,0,35,35,201.1,6.124182551307702,1.7433804343138712,1.1622536228759142,0.3076923076923077,0.6889,0.388392857,0.098484848,93.52962005395683,4.7831206787585705,5.41,4.273253526632401,4.762419105697984,3.0654900074005127,Miles Mikolas,9803,571945,0.8686806787585706,M.Mikolas
27,Freddy Peralta,MIL,9.0,6.0,9.0,3.66928,26.0,25.0,0.0,0.0,131.0,537.0,103.0,58.0,53.0,16.0,48.0,1.0,6.0,147.0,10.1574,3.34081,3.0404,1.08595,0.274635,0.0903285,0.1843063309788704,0.213988,1.16071,0.274091,0.723505,,,3.68368,2.40565,2.3156,144.13999938964844,3.20647,-0.0460587,0.445891,18679,MIL,12,10,0,30,30,165.2,11.408427236864028,2.933595575193608,1.4124719436117368,0.2734375,0.7374,0.41728395,0.160493827,94.4455172413793,3.857134922939743,3.35,3.846587961608417,3.4231069761638446,3.0341200828552246,Freddy Peralta,18679,642547,0.18785492293974304,F.Peralta
28,Tanner Bibee,,,,,,,,,,,,,,,,,,,,,,,,,,,,,,,,,,,,,,,,,CLE,10,4,0,25,25,142.0,8.93661971830986,2.852112676056338,0.823943661971831,0.2860892388451443,0.7997,0.368286445,0.079754601,94.9981718464351,2.9788732394366195,3.66,3.5156032629416023,4.2233252724291575,3.0172600746154785,Tanner Bibee,30134,676440,,T.Bibee
29,Eduardo Rodriguez,DET,9.0,9.0,11.0,3.99274,28.0,28.0,0.0,0.0,155.0,653.0,148.0,75.0,69.0,18.0,50.0,1.0,5.0,141.0,8.16803,2.91048,2.80642,1.0539,0.215477,0.07678,0.1386967897415161,0.248064,1.2801,0.296468,0.714848,,,3.88508,1.98231,1.68622,323.2200012207031,2.24773,-0.178637,0.892561,13164,DET,13,9,0,26,26,152.2,8.430112186831128,2.82968800676849,0.8842775021151533,0.2742718446601941,0.7595,0.410071942,0.096774193,92.29425636574074,3.301302674563239,4.04,3.6611525132609457,4.062481543299496,3.0005500316619877,Eduardo Rodriguez,13164,593958,-0.6914373254367612,E.Rodriguez
30,José Berríos,TOR,11.0,9.0,12.0,4.23241,30.0,30.0,0.0,0.0,170.0,712.0,165.0,87.0,80.0,25.0,45.0,1.0,9.0,155.0,8.20915,2.36905,3.46517,1.30101,0.217685,0.0628208,0.1548637673258781,0.251407,1.23716,0.294392,0.701596,,,4.11602,2.03376,1.40561,228.7400054931641,3.0986,-0.599506,1.27811,14168,TOR,11,12,0,32,32,189.2,8.731091518217553,2.4674823855832217,1.186289608453472,0.2890625,0.7638,0.415730337,0.126262626,94.295,3.6537719940366937,4.55,3.993175639030961,4.005638942203635,2.966520071029663,Jose Berrios,14168,621244,-0.5786380059633061,J.Berríos
31,Braxton Garrett,MIA,5.0,7.0,6.0,4.11521,29.0,18.0,0.0,0.0,104.0,443.0,101.0,52.0,48.0,13.0,35.0,2.0,5.0,96.0,8.31272,3.02265,2.75014,1.09452,0.216778,0.0788243,0.1379536986351013,0.251284,1.30915,0.301156,0.713099,,,4.00847,1.07065,0.948248,385.489990234375,2.12337,-1.0598,0.295958,21844,MIA,9,7,0,31,30,159.2,8.793300647738992,1.6346520434899408,1.1273462368896143,0.3024830699774266,0.759,0.491341991,0.151515151,90.79420215503588,3.663875269891247,4.55,3.6809262388182105,3.419398101452227,2.9303367882966995,Braxton Garrett,21844,666129,-0.45133473010875313,B.Garrett
32,Sandy Alcantara,MIA,12.0,10.0,17.0,3.27768,30.0,30.0,0.0,0.0,201.0,819.0,177.0,80.0,73.0,19.0,50.0,2.0,9.0,188.0,8.42003,2.22579,3.78294,0.834641,0.229933,0.0607815,0.169151235371828,0.232565,1.12613,0.285794,0.732989,,,3.31696,4.0611,4.3159,30.309999465942383,4.38763,0.320882,0.918008,18684,MIA,7,12,0,28,28,184.2,7.359192195689147,2.339345863530325,1.072200187451399,0.2873134328358209,0.6963,0.519927536,0.129411764,98.0824320652174,4.14259163333495,4.3,4.029406684708144,4.00270996011582,2.869040012359619,Sandy Alcantara,18684,645261,0.86491163333495,S.Alcantara
33,Seth Lugo,SDP,5.0,5.0,3.0,3.9949,44.0,12.0,1.0,5.0,95.0,397.0,88.0,46.0,42.0,13.0,30.0,1.0,4.0,95.0,8.99623,2.84706,3.15983,1.28209,0.238704,0.0755434,0.1631606966257095,0.24271,1.24578,0.292843,0.729498,,,4.03945,0.740598,0.855147,484.2699890136719,2.00037,0.381258,0.0860359,12447,SDP,8,7,0,26,26,146.1,8.610498411952602,2.2141281630735263,1.1685676416221389,0.2980295566502463,0.7677,0.451764705,0.132867132,93.70977130118892,3.567206484951792,4.48,3.829073110123419,3.7568369534432966,2.8328299522399902,Seth Lugo,12447,607625,-0.42769351504820774,S.Lugo
34,Bobby Miller,LAD,2.0,1.0,2.0,4.14686,11.0,3.0,0.0,1.0,28.0,118.0,27.0,14.0,13.0,3.0,8.0,0.0,1.0,27.0,8.75187,2.70603,3.23421,1.07068,0.231456,0.0715649,0.159891277551651,0.246352,1.24862,0.300733,0.691076,,,3.77432,0.330078,0.205788,999.0,1.06859,1.32496,0.875126,sa3014422,LAD,11,4,0,22,22,124.1,8.61396409981852,2.3163600940688456,0.8686350352758172,0.2767857142857143,0.7132,0.476744186,0.107142857,99.12948207171314,3.7640851528618735,3.45,3.51241322644534,3.747069565277272,2.8260200023651123,Bobby Miller,27483,676272,-0.3827748471381267,B.Miller
35,Kyle Hendricks,CHC,5.0,6.0,6.0,4.59639,17.0,17.0,0.0,0.0,96.0,409.0,102.0,53.0,49.0,15.0,23.0,1.0,5.0,69.0,6.48858,2.17316,2.98579,1.42016,0.16975,0.0568526,0.1128970868885517,0.267237,1.29908,0.292259,0.690024,,,4.59046,0.6377,0.534523,581.0499877929688,3.04535,0.727636,0.570391,12049,CHC,6,8,0,24,24,137.0,6.109489051094891,1.7737226277372262,0.8540145985401459,0.2834467120181406,0.6698,0.46325167,0.08496732,87.78784864193925,3.744525547445256,4.18,3.809784408207357,4.422652993498057,2.756930112838745,Kyle Hendricks,12049,543294,-0.8518644525547443,K.Hendricks
36,Marcus Stroman,CHC,9.0,10.0,12.0,3.88186,30.0,29.0,0.0,0.0,167.0,699.0,164.0,78.0,72.0,18.0,45.0,1.0,6.0,138.0,7.4111,2.42059,3.06169,0.990324,0.196706,0.0642477,0.1324586495757103,0.253388,1.25317,0.296258,0.713612,,,3.80201,2.31911,2.37534,260.5299987792969,2.02445,0.238055,0.725627,13431,CHC,10,9,0,27,25,136.2,7.836565825302857,3.424381705174358,0.592681448972485,0.2831632653061224,0.6589,0.571072319,0.102272727,92.1788113333962,3.951209659816567,4.18,3.5769902993857072,3.785490193849114,2.748127117753029,Marcus Stroman,13431,573186,0.06934965981656704,M.Stroman
37,Charlie Morton,ATL,10.0,7.0,11.0,3.8315,30.0,29.0,0.0,0.0,166.0,695.0,145.0,77.0,71.0,20.0,56.0,1.0,12.0,185.0,10.0498,3.01966,3.32811,1.09994,0.266915,0.0802,0.1867148280143737,0.231767,1.21036,0.296801,0.719376,,,3.69458,2.57415,2.72305,157.07000732421875,1.34454,-0.566277,0.910703,4676,ATL,14,12,0,30,30,163.1,10.08369450806698,4.573478929888303,0.7714301809450149,0.320754716981132,0.7764,0.43287037,0.093959731,94.99827387802073,3.636742281597928,4.7,3.873408519766631,4.267386389845159,2.704920053482056,Charlie Morton,4676,450203,-0.19475771840207212,C.Morton
38,Chris Bassitt,TOR,12.0,10.0,14.0,3.84952,30.0,30.0,0.0,0.0,176.0,731.0,164.0,82.0,75.0,22.0,47.0,1.0,11.0,156.0,8.01366,2.39911,3.34026,1.13139,0.214094,0.064095,0.1499989703297615,0.243101,1.19799,0.28619,0.717295,,,3.94844,2.40058,2.30572,160.69000244140625,2.33334,0.964344,0.924402,12304,TOR,16,8,0,33,33,200.0,8.37,2.655,1.26,0.2735674676524954,0.7652,0.422735346,0.132075471,92.50818783362988,3.6,4.04,4.280039882659912,4.212593973875046,2.6419599056243896,Chris Bassitt,12304,605135,-0.24951999999999996,C.Bassitt
39,Michael Wacha,SDP,8.0,6.0,8.0,4.27067,27.0,25.0,0.0,0.0,135.0,568.0,133.0,70.0,64.0,21.0,38.0,1.0,5.0,116.0,7.70583,2.50985,3.07023,1.40753,0.204028,0.0664537,0.1375744938850402,0.252946,1.26079,0.287707,0.715088,,,4.37686,1.30105,1.18405,364.4599914550781,4.1998,-0.495668,0.811851,14078,SDP,14,4,0,24,24,134.1,8.307713382874166,2.880900608577332,1.004965328573488,0.266304347826087,0.7971,0.344647519,0.09090909,92.28523861069276,3.215889051435161,4.3,3.8877958302802567,4.466977680551372,2.610359907150269,Michael Wacha,14078,608379,-1.0547809485648392,M.Wacha
40,Yusei Kikuchi,TOR,6.0,6.0,6.0,4.2765,33.0,19.0,0.0,1.0,110.0,471.0,100.0,57.0,52.0,17.0,47.0,1.0,5.0,116.0,9.47557,3.84689,2.46318,1.36595,0.245724,0.099759,0.1459650695323944,0.23934,1.33991,0.291697,0.730357,,,4.3963,0.705073,0.690781,448.0799865722656,4.79403,0.240088,0.692614,20633,TOR,11,6,0,32,32,167.2,9.715686018442469,2.576535518702975,1.4493012292704237,0.3136363636363636,0.7757,0.397408207,0.152542372,95.08811959087332,3.864803278054463,4.27,4.119849258150494,3.771799067989549,2.5968499183654785,Yusei Kikuchi,20633,579328,-0.4116967219455372,Y.Kikuchi
41,Kyle Gibson,BAL,9.0,10.0,12.0,4.35058,29.0,29.0,0.0,0.0,165.0,706.0,167.0,86.0,80.0,21.0,54.0,1.0,8.0,135.0,7.38347,2.94072,2.51077,1.15748,0.191169,0.0761395,0.1150293499231338,0.259678,1.34396,0.299374,0.703259,,,4.26618,1.32254,1.23912,452.8500061035156,1.82781,-0.379008,1.49599,10123,BAL,15,9,0,33,33,192.0,7.359375,2.578125,1.078125,0.3091872791519434,0.6966,0.488850771,0.127071823,92.2119785299511,4.734375,4.73,4.130039882659913,4.131377788074316,2.5569100379943848,Kyle Gibson,10123,502043,0.3837950000000001,K.Gibson
42,Aaron Civale,CLE,9.0,7.0,8.0,4.19257,24.0,24.0,0.0,0.0,130.0,542.0,125.0,66.0,61.0,19.0,33.0,1.0,6.0,118.0,8.12565,2.25348,3.60582,1.31318,0.217286,0.06026,0.1570264995098114,0.248566,1.20967,0.289404,0.699546,,,4.09102,1.48107,1.18358,299.9200134277344,2.55129,0.746963,0.707993,19479,- - -,7,5,0,23,23,122.1,8.534062163137847,2.4277935464099047,0.882834016876329,0.2869822485207101,0.768,0.389534883,0.089552238,91.9250015751008,3.457766566098955,3.71,3.565666666375657,4.101492070814489,2.533558964729309,Aaron Civale,19479,650644,-0.7348034339010447,A.Civale
43,Reid Detmers,LAA,10.0,9.0,9.0,3.97019,30.0,30.0,0.0,0.0,160.0,670.0,144.0,77.0,70.0,20.0,56.0,1.0,7.0,161.0,9.1041,3.13273,2.90613,1.10595,0.241036,0.0829407,0.1580953672528267,0.237007,1.24957,0.291701,0.714667,,,3.86613,2.57042,2.03084,192.91000366210935,2.9139,0.687037,0.913992,27468,LAA,4,10,0,28,28,148.2,10.170380274495406,3.632278669462645,1.1502215786631709,0.3177083333333333,0.7097,0.366583541,0.11728395,94.33479532163744,4.479810359003929,4.45,4.129477340123142,4.269677730169484,2.508389949798584,Reid Detmers,27468,672282,0.5096203590039292,R.Detmers
44,Nathan Eovaldi,TEX,9.0,7.0,11.0,3.84529,27.0,27.0,0.0,0.0,150.0,620.0,146.0,70.0,64.0,21.0,33.0,1.0,6.0,140.0,8.40056,1.98059,4.24144,1.2481,0.226043,0.053294,0.1727491468191146,0.251063,1.19222,0.297662,0.729219,,,3.81982,2.32196,2.00452,238.3600006103516,1.43758,0.339942,0.4747,9132,TEX,12,5,0,25,25,144.0,8.25,2.9375,0.9375,0.2705570291777188,0.745,0.51025641,0.12,95.27144201807228,3.625,4.01,3.880039882659912,3.9610754002299577,2.4814999103546143,Nathan Eovaldi,9132,543135,-0.22028999999999987,N.Eovaldi
45,Taijuan Walker,PHI,10.0,9.0,10.0,4.3438,28.0,28.0,0.0,0.0,155.0,656.0,152.0,81.0,75.0,22.0,48.0,1.0,7.0,128.0,7.40266,2.75733,2.68472,1.26277,0.194589,0.0724804,0.1221089735627174,0.252202,1.28442,0.287369,0.698359,,,4.33805,1.70997,1.53879,315.3599853515625,3.32566,0.931458,1.228,11836,PHI,15,6,0,31,31,172.2,7.1930359966790105,3.7007648968421,1.0424689850259437,0.2721774193548387,0.7136,0.446183953,0.106382978,93.09406952965236,4.378369737108963,4.42,4.534960136497321,4.829343811786659,2.4682400226593018,Taijuan Walker,11836,592836,0.034569737108963494,T.Walker
46,Kutter Crawford,BOS,3.0,4.0,2.0,4.71967,34.0,5.0,0.0,1.0,57.0,245.0,58.0,33.0,30.0,9.0,20.0,1.0,2.0,57.0,8.93532,3.11931,2.86452,1.34517,0.230948,0.0806235,0.1503240689635276,0.258249,1.35626,0.310837,0.685478,,,4.23742,0.271462,-0.0377842,618.9600219726562,3.0909,-0.00754641,0.335444,20531,BOS,6,8,0,31,23,129.1,9.394303250494811,2.505147533465283,1.1829863352474947,0.2694610778443114,0.7166,0.348571428,0.098837209,93.77442238885506,4.036071026138512,3.3,3.8272032082044527,4.317227861525035,2.447025075554848,Kutter Crawford,20531,676710,-0.6835989738614874,K.Crawford
47,Ranger Suárez,PHI,10.0,8.0,11.0,3.84826,29.0,29.0,0.0,0.0,159.0,676.0,154.0,74.0,68.0,15.0,55.0,1.0,6.0,131.0,7.43521,3.10958,2.39107,0.821844,0.194202,0.0812197,0.1129819527268409,0.250747,1.31603,0.297726,0.716439,,,3.79771,2.45938,2.51523,311.0299987792969,2.34724,0.351132,1.09601,17277,PHI,4,6,0,22,22,125.0,8.568,3.456,0.936,0.3240223463687151,0.7463,0.485013623,0.115044247,93.44758441091956,4.176,4.39,3.903039882659912,4.045670918941498,2.416280031204224,Ranger Suarez,17277,624133,0.32774000000000036,R.Suárez
48,Yu Darvish,SDP,13.0,9.0,16.0,3.76408,29.0,29.0,0.0,0.0,182.0,740.0,159.0,83.0,76.0,23.0,45.0,1.0,9.0,189.0,9.34214,2.23843,4.17352,1.12416,0.255289,0.0611688,0.1941203474998474,0.231255,1.11971,0.286576,0.70394,,,3.55913,3.15158,2.81666,74.2699966430664,4.28369,1.1922,1.05729,13074,SDP,8,10,0,24,24,136.1,9.30809172621993,2.8386379023223896,1.18826702887914,0.3186813186813186,0.7134,0.415789473,0.135338345,94.8407082479508,4.55502361070337,3.74,4.025212956933429,3.9217599198086734,2.40585994720459,Yu Darvish,13074,506433,0.79094361070337,Y.Darvish
49,Shohei Ohtani,LAA,13.0,8.0,14.0,3.11629,29.0,29.0,0.0,0.0,167.0,673.0,132.0,63.0,58.0,16.0,50.0,1.0,7.0,208.0,11.1934,2.71852,4.11747,0.852439,0.308555,0.074938,0.2336172014474868,0.214091,1.09168,0.295728,0.745838,,,2.88386,4.59364,4.02682,8.800000190734863,2.40502,-0.293557,1.06695,19755,LAA,10,5,0,23,23,132.0,11.386363636363637,3.75,1.2272727272727273,0.2392857142857143,0.8029,0.454545454,0.166666666,96.74738064868804,3.136363636363636,3.85,3.9974641250841545,3.5774801474629028,2.368269920349121,Shohei Ohtani,19755,660271,0.020073636363636016,S.Ohtani
50,Bailey Ober,MIN,4.0,4.0,4.0,3.9316,27.0,15.0,0.0,0.0,83.0,343.0,79.0,40.0,36.0,12.0,19.0,1.0,3.0,78.0,8.46162,2.06111,4.10537,1.31749,0.228578,0.0556778,0.172900054603815,0.245587,1.17474,0.289163,0.721708,,,3.92196,0.964797,0.798539,325.95001220703125,1.65108,-0.378227,0.470135,21224,MIN,8,6,0,26,26,144.1,9.10394759196182,1.8083183573074848,1.3718277193367123,0.2761394101876676,0.7911,0.342710997,0.113402061,91.3770431561618,3.4295692983417814,3.63,3.961739010803068,4.202504930887226,2.3604400157928467,Bailey Ober,21224,641927,-0.5020307016582186,B.Ober
51,Patrick Sandoval,LAA,9.0,8.0,11.0,3.6925,29.0,28.0,0.0,0.0,159.0,673.0,145.0,71.0,65.0,17.0,60.0,1.0,6.0,160.0,9.01321,3.39559,2.65439,0.962743,0.237208,0.0893644,0.1478433310985565,0.239027,1.28773,0.297526,0.739717,,,3.739,2.61557,2.5931,205.25999450683597,2.48864,0.00793531,0.962378,19447,LAA,7,13,0,28,28,144.2,7.963114882484221,4.60367579143619,0.7465420202328957,0.3064516129032258,0.6499,0.46590909,0.09090909,93.00839814467766,4.105981111280927,4.73,4.181304981837764,4.611552251360363,2.349600076675415,Patrick Sandoval,19447,663776,0.4134811112809267,P.Sandoval
52,Clayton Kershaw,LAD,10.0,6.0,10.0,3.34789,21.0,21.0,0.0,0.0,124.0,497.0,110.0,50.0,46.0,13.0,26.0,1.0,3.0,131.0,9.53052,1.86722,5.10412,0.979844,0.26383,0.0516897,0.2121404483914375,0.235846,1.09904,0.299598,0.733881,,,3.11014,2.86784,2.64216,118.87999725341795,3.44458,0.196302,0.707956,2036,LAD,13,5,0,24,24,131.2,9.364532724744867,2.73417013861164,1.298730815840529,0.25,0.8935,0.475073313,0.168141592,90.86029411764706,2.460753124750476,3.82,4.0297214219332105,3.5727267530952527,2.3413898944854736,Clayton Kershaw,2036,477132,-0.8871368752495239,C.Kershaw
53,Mike Clevinger,CHW,6.0,6.0,6.0,4.48018,19.0,19.0,0.0,0.0,100.0,421.0,96.0,54.0,50.0,17.0,32.0,1.0,4.0,86.0,7.71543,2.86305,2.69483,1.50357,0.203193,0.0754011,0.1277922987937927,0.248354,1.27631,0.279171,0.705306,,,4.65207,0.654522,0.675896,397.9100036621094,3.72645,1.53221,0.530758,12808,CHW,9,9,0,24,24,131.1,7.538090625591449,2.741123863851436,1.0964495455405745,0.2807486631016043,0.7724,0.30927835,0.082051282,94.6412651159921,3.7690453127957246,4.13,4.2829613316042,5.154058657892167,2.245460033416748,Mike Clevinger,12808,605182,-0.7111346872042752,M.Clevinger
54,Joe Ryan,MIN,12.0,9.0,11.0,3.9498,29.0,29.0,0.0,0.0,162.0,667.0,140.0,77.0,71.0,21.0,47.0,1.0,8.0,164.0,9.11916,2.63319,3.46316,1.18682,0.246452,0.0711638,0.1752878651022911,0.229387,1.15715,0.279237,0.699328,,,3.82701,2.58378,1.89734,138.35000610351562,3.26927,-0.0798664,0.977996,21390,MIN,11,10,0,29,29,161.2,10.96698719179946,1.8927795153359472,1.7814395438455974,0.3052109181141439,0.7457,0.315545243,0.148837209,92.27868852459017,4.509268845359169,3.53,4.133388546639339,3.7589823894129744,2.220089912414551,Joe Ryan,21390,657746,0.5594688453591687,J.Ryan
55,Michael King,NYY,4.0,3.0,0.0,3.34177,49.0,0.0,4.0,12.0,58.0,237.0,49.0,23.0,21.0,5.0,18.0,1.0,3.0,66.0,10.256,2.80735,3.65327,0.812303,0.277612,0.07599,0.2016217187047004,0.224975,1.1546,0.299075,0.730377,,,3.08436,0.828534,0.681949,533.6400146484375,2.51171,-0.214019,0.80399,19853,NYY,4,8,6,49,9,104.2,10.92038919704738,2.7515941283898906,0.8598731651218409,0.3035019455252918,0.8108,0.428030303,0.106382978,94.83973581414472,2.7515941283898906,3.53,3.130835981031202,3.3736562723465777,2.199339985847473,Michael King,19853,650633,-0.5901758716101093,M.King
56,Max Scherzer,NYM,12.0,7.0,14.0,3.0983,27.0,27.0,0.0,0.0,165.0,653.0,133.0,62.0,57.0,20.0,35.0,1.0,8.0,199.0,10.8698,1.93417,5.61987,1.10573,0.304109,0.0541133,0.249996155500412,0.217932,1.02302,0.288225,0.762417,,,3.08405,4.17689,4.03966,45.08000183105469,1.8309,0.294673,1.28345,3137,- - -,13,6,0,27,27,152.2,10.257619537150964,2.652832638918353,1.6506514197714195,0.2648648648648649,0.81,0.331645569,0.145833333,93.86778740070608,3.772917530906102,3.28,4.322723142273965,4.017770270090549,2.16101998090744,Max Scherzer,3137,453286,0.6746175309061018,M.Scherzer
57,Andrew Abbott,CIN,0.0,1.0,1.0,4.48831,3.0,1.0,0.0,0.0,9.0,38.0,9.0,5.0,4.0,1.0,4.0,0.0,0.0,9.0,9.42546,3.78381,2.491,1.01765,0.242872,0.0974998,0.1453717872500419,0.251836,1.39658,0.317799,0.690081,,,3.7955,0.133875,0.0604547,999.0,1.44721,0.559964,1.13201,sa3017529,CIN,8,6,0,21,21,109.1,9.878078880038688,3.621962256014185,1.3170771840051585,0.302158273381295,0.7993,0.286206896,0.106666666,92.62963970200424,3.868914228015152,3.96,4.197115923996935,4.5629975642072,2.1565101146698,Andrew Abbott,29911,671096,-0.6193957719848484,A.Abbott
58,Dane Dunning,TEX,3.0,4.0,3.0,4.2515,29.0,8.0,0.0,1.0,64.0,275.0,63.0,33.0,30.0,8.0,24.0,1.0,4.0,58.0,8.11397,3.33397,2.43373,1.06381,0.209304,0.0860015,0.1233025640249252,0.252769,1.35144,0.301545,0.706579,,,4.1251,0.426498,0.303519,647.489990234375,1.72337,-0.650155,0.342073,19409,TEX,12,7,0,35,26,172.2,7.297295873204967,2.8667948073305225,1.042470839029281,0.2877263581488933,0.775,0.463178294,0.117647058,90.73005506727432,3.700771478553947,4.48,4.268553198382825,4.390580177045198,2.121976370923221,Dane Dunning,19409,641540,-0.5507285214460529,D.Dunning
59,Chris Sale,BOS,9.0,8.0,9.0,3.64326,25.0,25.0,0.0,0.0,132.0,545.0,118.0,58.0,53.0,15.0,37.0,1.0,8.0,152.0,10.3493,2.54206,4.07121,1.01367,0.27829,0.0683556,0.2099343463778495,0.235831,1.17565,0.309148,0.72266,,,3.31064,2.54322,2.48843,141.63999938964844,5.09934,-0.256824,0.461241,10603,BOS,6,5,0,20,20,102.2,10.95775665020333,2.542199542847172,1.3149307980243994,0.2903225806451613,0.699,0.373076923,0.132743362,94.08935209197789,4.295440606879705,3.71,3.8004926581367,3.720904080703105,2.118040084838867,Chris Sale,10603,519242,0.6521806068797047,C.Sale
60,Shane Bieber,CLE,14.0,9.0,17.0,3.35793,30.0,30.0,0.0,0.0,192.0,774.0,169.0,78.0,72.0,22.0,45.0,1.0,6.0,198.0,9.28015,2.09159,4.4369,1.03302,0.255533,0.0575928,0.1979403533041477,0.233062,1.11196,0.291009,0.742602,,,3.32611,3.67886,3.85842,55.54999923706055,5.91395,-0.814004,0.966081,19427,CLE,6,6,0,21,21,128.0,7.5234375,2.390625,0.984375,0.2933333333333333,0.7426,0.47150259,0.119658119,91.61080063868611,3.796875,4.77,3.872227382659912,3.96162028266117,2.065759897232056,Shane Bieber,19427,669456,0.4389449999999999,S.Bieber
61,Steven Matz,STL,8.0,7.0,7.0,3.87173,32.0,21.0,0.0,0.0,119.0,497.0,112.0,56.0,51.0,16.0,34.0,1.0,5.0,114.0,8.62257,2.54684,3.38559,1.22261,0.229858,0.0678929,0.1619647964835167,0.245023,1.225,0.293079,0.731917,,,3.93264,1.37914,1.54304,325.0,2.9754,-0.649276,0.320033,13361,STL,4,7,0,25,17,105.0,8.4,2.742857142857143,0.9428571428571428,0.3180327868852459,0.7445,0.445859872,0.11,,3.857142857142857,3.87,3.750277977898008,3.962995040984381,1.979361057281494,Steven Matz,13361,571927,-0.014587142857142688,S.Matz
62,Hunter Greene,CIN,9.0,10.0,11.0,3.71946,29.0,29.0,0.0,0.0,160.0,660.0,131.0,72.0,66.0,22.0,56.0,1.0,9.0,200.0,11.2692,3.13319,3.59673,1.21978,0.302927,0.0842228,0.2187040224671363,0.220587,1.17068,0.293442,0.735491,,,3.58377,3.40093,3.20836,106.72000122070312,3.04146,-0.319708,0.833856,22182,CIN,4,7,0,22,22,112.0,12.214285714285714,3.857142857142857,1.5267857142857142,0.3394833948339483,0.7265,0.343859649,0.142857142,98.63360142984808,4.821428571428571,3.82,4.246111311231341,4.00411075641002,1.9507800340652464,Hunter Greene,22182,668881,1.101968571428571,H.Greene
63,Bryce Miller,,,,,,,,,,,,,,,,,,,,,,,,,,,,,,,,,,,,,,,,,SEA,8,7,0,25,25,131.1,8.154843494958023,1.7817305115034334,1.2335057387331465,0.2888283378746594,0.7056,0.335078534,0.107142857,95.09558823529412,4.317270085566012,4.83,3.978392013398486,4.311615897797058,1.9418799877166748,Bryce Miller,29837,682243,,B.Miller
64,Cristian Javier,HOU,13.0,8.0,12.0,3.57054,30.0,30.0,0.0,0.0,171.0,694.0,125.0,74.0,68.0,22.0,66.0,1.0,8.0,205.0,10.8121,3.47831,3.10844,1.18326,0.295968,0.0952144,0.2007539272308349,0.201963,1.11905,0.261981,0.735652,,,3.71427,2.89634,2.86507,55.18999862670898,5.79394,-0.107866,0.970365,17606,HOU,10,5,0,31,31,162.0,8.833333333333334,3.4444444444444446,1.3888888888888888,0.271889400921659,0.7175,0.256017505,0.098425196,92.81391200951248,4.555555555555555,4.48,4.5760275369809,5.162148776024948,1.9227399826049805,Cristian Javier,17606,664299,0.9850155555555555,C.Javier
65,Brady Singer,KCR,10.0,10.0,13.0,3.85346,30.0,30.0,0.0,0.0,179.0,753.0,172.0,83.0,77.0,20.0,52.0,1.0,11.0,167.0,8.37429,2.63767,3.17489,0.988229,0.221191,0.0696688,0.1515217199921608,0.248619,1.25145,0.301498,0.716076,,,3.73457,2.81082,2.62302,181.4199981689453,3.54961,-1.34492,0.955825,25377,KCR,8,11,0,29,29,159.2,7.496852475315935,2.761998280379555,1.1273462368896143,0.3292682926829268,0.6493,0.495088408,0.128205128,92.51399739583331,5.52399656075911,4.93,4.288440599808725,4.275432620892663,1.904360055923462,Brady Singer,25377,663903,1.6705365607591096,B.Singer
66,Nick Pivetta,BOS,10.0,11.0,10.0,4.5986,30.0,29.0,0.0,0.0,168.0,722.0,163.0,93.0,86.0,25.0,66.0,1.0,6.0,162.0,8.67457,3.536,2.45321,1.36122,0.224204,0.0913919,0.132811926305294,0.25028,1.361,0.296715,0.700987,,,4.44347,1.40373,1.21603,408.489990234375,2.92065,0.303053,2.06023,15454,BOS,10,9,1,38,16,142.2,11.544389951030796,3.154204904653223,1.4509342561404823,0.2676923076923077,0.725,0.364161849,0.158620689,94.71477567427384,4.037382277956125,3.98,3.9629836501487463,3.5475830851496486,1.880752980709076,Nick Pivetta,15454,601713,-0.5612177220438754,N.Pivetta
67,Jon Gray,TEX,9.0,9.0,11.0,4.0058,29.0,29.0,0.0,0.0,160.0,669.0,146.0,78.0,71.0,20.0,52.0,1.0,7.0,162.0,9.07995,2.92597,3.10323,1.14857,0.241644,0.0778686,0.1637752875685691,0.239755,1.23821,0.29397,0.712023,,,3.85351,2.28539,1.78451,197.4199981689453,2.63645,-1.34601,0.910248,14916,TEX,9,8,0,29,29,157.1,8.12289894990532,3.0889897415132905,1.2584773020980071,0.296037296037296,0.7561,0.400447427,0.134969325,95.73688671104536,4.118652988684388,4.45,4.469025562966576,4.364130369753156,1.8467899560928345,Jon Gray,14916,592351,0.11285298868438787,J.Gray
68,Bryce Elder,ATL,3.0,4.0,3.0,3.98885,22.0,7.0,0.0,1.0,56.0,241.0,54.0,27.0,25.0,6.0,21.0,1.0,3.0,48.0,7.68053,3.37272,2.27725,0.943894,0.199482,0.0875975,0.1118841096758842,0.247588,1.32902,0.293299,0.716698,,,4.04038,0.506501,0.647156,556.8400268554688,2.32706,-0.880667,0.505626,27779,ATL,12,4,0,31,31,174.2,6.5954069795021,3.246176872723689,0.9790057235198428,0.2743190661478599,0.7436,0.49905482,0.121019108,90.87099847560977,3.812969660024651,4.55,4.422976535280075,4.494978729819625,1.8378000259399412,Bryce Elder,27779,693821,-0.17588033997534858,B.Elder
69,Grayson Rodriguez,BAL,8.0,7.0,8.0,3.78174,23.0,23.0,0.0,0.0,118.0,483.0,98.0,54.0,49.0,14.0,39.0,1.0,5.0,125.0,9.58697,2.9975,3.19832,1.04253,0.258979,0.0809735,0.1780057847499847,0.22412,1.17075,0.282345,0.707943,,,3.61423,1.89724,1.67456,999.0,4.86625,-0.632729,0.337633,sa3008130,BAL,7,4,0,23,23,122.0,9.51639344262295,3.098360655737705,1.180327868852459,0.3220858895705521,0.7223,0.472140762,0.139130434,97.3515325670498,4.352459016393443,4.18,3.927171030200896,3.780741402067122,1.833539962768555,Grayson Rodriguez,24492,680570,0.5707190163934426,G.Rodriguez
70,Griffin Canning,LAA,2.0,2.0,2.0,4.45896,17.0,5.0,0.0,0.0,38.0,164.0,37.0,21.0,19.0,6.0,15.0,1.0,2.0,38.0,8.86895,3.53581,2.50832,1.37273,0.229544,0.0915129,0.1380308717489242,0.24815,1.35002,0.295907,0.714042,,,4.43203,0.215115,0.0789122,644.8099975585938,1.54468,-0.452914,0.593866,19867,LAA,7,8,0,24,22,127.0,9.850393700787402,2.5511811023622046,1.559055118110236,0.2964071856287425,0.7622,0.426553672,0.160583941,94.60317886756886,4.322834645669292,4.01,4.286535945652037,3.818105626951052,1.831040110439062,Griffin Canning,19867,656288,-0.1361253543307086,G.Canning
71,Johan Oviedo,PIT,4.0,6.0,3.0,4.46957,28.0,13.0,0.0,0.0,78.0,342.0,75.0,42.0,39.0,9.0,35.0,1.0,5.0,70.0,8.0582,4.02647,2.00131,1.06387,0.204785,0.102326,0.1024592965841293,0.249509,1.41152,0.296757,0.699597,,,4.38254,0.598476,0.461124,638.8499755859375,4.12066,-2.72695,0.418639,22487,PIT,9,14,0,32,32,177.2,8.003736993374464,4.204494749684054,0.9624747017349038,0.2795275590551181,0.7205,0.449330783,0.1,95.84738041002278,4.305807876182464,4.61,4.487682921723912,4.865564302463822,1.829669952392578,Johan Oviedo,22487,670912,-0.16376212381753597,J.Oviedo
72,Clarke Schmidt,NYY,7.0,6.0,4.0,4.02511,39.0,13.0,0.0,2.0,100.0,426.0,93.0,49.0,45.0,12.0,38.0,2.0,5.0,95.0,8.57554,3.4185,2.50857,1.06429,0.223928,0.089265,0.1346625238656997,0.242267,1.30704,0.293511,0.719164,,,4.02781,0.955953,0.901574,380.9700012207031,2.18306,-1.3149,0.355038,19899,NYY,9,9,0,33,32,159.0,8.433980377317818,2.6037791768900647,1.3584934835948164,0.3125,0.7017,0.438271604,0.13114754,,4.641519402282289,4.3,4.418564394072139,4.359215736248008,1.8127349596470597,Clarke Schmidt,19899,657376,0.6164094022822892,C.Schmidt
73,Shane McClanahan,TBR,12.0,8.0,14.0,3.13004,29.0,29.0,0.0,0.0,172.0,691.0,141.0,65.0,60.0,17.0,47.0,1.0,5.0,195.0,10.1781,2.44224,4.16752,0.863145,0.281852,0.0676308,0.2142216935753822,0.220673,1.09078,0.29098,0.745162,,,2.99465,4.08666,4.16477,42.18000030517578,3.37416,-0.822045,1.04398,21483,TBR,11,2,0,21,21,115.0,9.469565217391304,3.208695652173913,1.173913043478261,0.273972602739726,0.8174,0.436065573,0.132743362,96.97012205111402,3.2869565217391306,4.04,3.9159094478773033,3.8448562264442447,1.7925299406051636,Shane McClanahan,21483,663556,0.1569165217391304,S.McClanahan
74,Brandon Williamson,CIN,2.0,2.0,2.0,5.3095,7.0,6.0,0.0,0.0,31.0,138.0,31.0,20.0,18.0,5.0,16.0,0.0,2.0,27.0,7.77374,4.77776,1.62707,1.42809,0.191742,0.117845,0.0738970562815666,0.260219,1.55094,0.297276,0.684605,,,5.2017,0.0683781,0.029471,999.0,2.67258,0.200236,0.575201,sa3011494,CIN,5,5,0,23,23,117.0,7.538461538461538,3.0,1.3846153846153846,0.278443113772455,0.7019,0.373563218,0.121621621,92.83616568150208,4.461538461538462,4.77,4.631108258728288,4.722529041665233,1.7849299907684326,Brandon Williamson,25463,682227,-0.8479615384615382,B.Williamson
75,Hunter Brown,HOU,7.0,5.0,8.0,3.49454,39.0,15.0,0.0,0.0,112.0,470.0,95.0,47.0,43.0,10.0,46.0,2.0,4.0,117.0,9.41486,3.70556,2.54074,0.792323,0.248907,0.0979664,0.1509408056735992,0.227434,1.26545,0.292292,0.738404,,,3.5118,1.57533,1.76133,202.6100006103516,4.80841,0.440304,0.50203,25880,HOU,11,13,0,31,29,155.2,10.291198027640828,3.1798645591025028,1.5032087006666377,0.3299748110831234,0.688,0.523696682,0.209677419,95.73795845481958,5.087783294564004,4.27,4.372810454950489,3.5185238558325693,1.7718432443216443,Hunter Brown,25880,686613,1.593243294564004,H.Brown
76,Alex Cobb,SFG,9.0,8.0,10.0,3.53385,28.0,28.0,0.0,0.0,155.0,649.0,147.0,66.0,61.0,11.0,46.0,1.0,5.0,151.0,8.78155,2.68363,3.27227,0.664787,0.233198,0.071265,0.1619330868124961,0.246991,1.2494,0.313158,0.717813,,,3.11993,3.41613,2.90888,219.1999969482422,3.33879,0.0724163,0.738066,6562,SFG,7,7,0,28,28,151.1,7.790766442298103,2.200445483702518,1.1299584916310228,0.3178807947019867,0.7637,0.575692963,0.182692307,95.06166585286458,3.865647471369288,4.7,4.008345543747261,3.5124107482707827,1.7692300081253052,Alex Cobb,6562,502171,0.33179747136928794,A.Cobb
77,Jack Flaherty,STL,9.0,7.0,9.0,4.00521,28.0,26.0,0.0,0.0,135.0,569.0,120.0,65.0,60.0,18.0,50.0,1.0,7.0,130.0,8.62289,3.33826,2.58305,1.20637,0.227751,0.0881714,0.1395798251032829,0.234779,1.2589,0.280269,0.723626,,,4.21251,1.21736,1.70302,220.3000030517578,2.26231,0.56218,0.689395,17479,- - -,8,9,0,29,27,144.1,9.228613957366532,4.115462980987778,1.0600434951029123,0.3562653562653562,0.7262,0.426540284,0.126865671,93.23974298367834,4.988439976954882,5.1,4.356653710904116,4.360459410997493,1.7631374560296535,Jack Flaherty,17479,656427,0.983229976954882,J.Flaherty
78,Adrian Houser,MIL,5.0,6.0,4.0,4.42537,34.0,12.0,0.0,1.0,88.0,384.0,87.0,47.0,43.0,9.0,38.0,1.0,4.0,63.0,6.42967,3.84678,1.67144,0.960376,0.163632,0.0978991,0.0657333135604858,0.254519,1.41753,0.287846,0.696347,,,4.49829,0.472035,0.48632,710.8099975585938,2.71546,-0.282727,0.577404,12718,MIL,8,5,0,23,21,111.1,7.7605022641895,2.7485112185671148,1.0509013482756615,0.3204747774480712,0.7257,0.466858789,0.105691056,93.36841646973758,4.122766827850672,4.16,3.991569032733453,4.300214345813047,1.7506474256515503,Adrian Houser,12718,605288,-0.3026031721493281,A.Houser
79,Michael Lorenzen,DET,7.0,9.0,8.0,4.27517,29.0,23.0,0.0,2.0,132.0,567.0,124.0,68.0,63.0,15.0,56.0,1.0,5.0,108.0,7.36023,3.80321,1.93527,1.00612,0.190186,0.0982737,0.0919123217463493,0.244037,1.35874,0.283625,0.70071,,,4.32166,0.962415,0.935502,490.260009765625,4.75379,0.743921,0.988572,14843,- - -,9,9,1,29,25,153.0,6.5293976829154925,2.7646999197930464,1.1764680509757643,0.2657657657657657,0.6981,0.410480349,0.11299435,94.47572894688072,4.176461580963964,4.55,4.464187601718336,4.677543129649047,1.7007970986887813,Michael Lorenzen,14843,547179,-0.09870841903603633,M.Lorenzen
80,Logan Allen,COL,1.0,1.0,1.0,4.75756,5.0,3.0,0.0,0.0,19.0,82.0,19.0,11.0,10.0,3.0,7.0,0.0,1.0,17.0,8.03097,3.43743,2.33633,1.26615,0.20708,0.0886344,0.1184451282024383,0.253158,1.36496,0.295556,0.676688,,,4.43496,0.228137,0.190938,999.0,2.70946,-0.768824,0.930057,18555,CLE,7,8,0,24,24,125.1,8.54523548016341,3.446817672670955,1.1489392242236518,0.3144475920679886,0.7878,0.426997245,0.120300751,91.55882066908714,3.8058611802408464,4.36,4.18855300234163,4.283467652454789,1.6568200588226318,Logan Allen,27589,671106,-0.9516988197591534,L.Allen
81,Josiah Gray,WSN,7.0,11.0,9.0,4.79442,28.0,28.0,0.0,0.0,158.0,675.0,147.0,91.0,84.0,30.0,63.0,2.0,7.0,157.0,8.96535,3.59634,2.49291,1.71707,0.233061,0.0934896,0.1395713984966278,0.242782,1.3294,0.279629,0.706358,,,4.93351,0.737442,0.744151,370.6499938964844,4.6185,0.0708037,1.92761,24580,WSN,8,13,0,30,30,159.0,8.09433962264151,4.528301886792453,1.2452830188679245,0.2927927927927928,0.804,0.378494623,0.115183246,93.63669599514564,3.9056603773584895,5.03,4.934285165678781,5.12164621600565,1.639490008354187,Josiah Gray,24580,680686,-0.8887596226415102,J.Gray
82,Brayan Bello,BOS,6.0,7.0,6.0,4.04738,23.0,19.0,0.0,0.0,101.0,430.0,96.0,49.0,45.0,9.0,37.0,1.0,4.0,96.0,8.60515,3.34154,2.5752,0.784484,0.22425,0.0870803,0.1371691823005676,0.24761,1.32567,0.308499,0.695271,,,3.5612,1.59683,1.38267,392.0400085449219,2.95826,-2.01712,0.391302,23920,BOS,12,11,0,28,28,157.0,7.56687898089172,2.579617834394905,1.375796178343949,0.3058568329718004,0.7621,0.561983471,0.171428571,95.70777633101852,4.24203821656051,4.21,4.535294659729976,4.022360954466899,1.5994800329208374,Brayan Bello,23920,678394,0.19465821656050952,B.Bello
83,Jameson Taillon,CHC,9.0,10.0,10.0,4.27099,30.0,29.0,0.0,0.0,166.0,691.0,164.0,85.0,79.0,24.0,41.0,1.0,6.0,141.0,7.65104,2.23587,3.42196,1.29412,0.203546,0.0594823,0.144063588231802,0.254346,1.23763,0.291995,0.696512,,,4.14345,1.9889,1.5813,248.19000244140625,3.18548,-1.58506,1.14735,11674,CHC,8,10,1,30,29,154.1,8.164164895341449,2.3909340050642816,1.5745175155301363,0.2918552036199095,0.6456,0.379014989,0.134328358,93.82373897879464,4.840183473666716,4.77,4.609254535934803,4.488243055974539,1.5890750214457512,Jameson Taillon,11674,592791,0.5691934736667159,J.Taillon
84,Kenta Maeda,MIN,8.0,6.0,8.0,4.05594,27.0,21.0,0.0,0.0,118.0,488.0,108.0,58.0,53.0,16.0,34.0,1.0,5.0,115.0,8.78863,2.56821,3.42208,1.23499,0.236393,0.0690787,0.1673140749335289,0.239917,1.19857,0.28819,0.704174,,,3.9168,1.40785,1.11398,303.8599853515625,4.56627,1.21376,0.44269,18498,MIN,6,8,0,21,20,104.1,10.092652087763126,2.4153355423706624,1.4664537221536165,0.2927756653992395,0.7411,0.326086956,0.129770992,90.9948475278657,4.226837199148659,3.77,4.02181307071409,3.979537337963871,1.5487577877938747,Kenta Maeda,18498,628317,0.17089719914865942,K.Maeda
85,Paul Blackburn,OAK,7.0,10.0,8.0,4.26928,28.0,28.0,0.0,0.0,153.0,650.0,158.0,79.0,72.0,19.0,43.0,2.0,6.0,112.0,6.61236,2.54885,2.59426,1.13167,0.172534,0.0665063,0.1060280054807663,0.26286,1.31733,0.295537,0.702464,,,4.25026,1.12518,0.810983,578.3900146484375,3.41037,0.0507389,1.00846,14739,OAK,4,7,0,21,20,103.2,9.028909890835491,3.7331069740954432,0.9549808538383692,0.3498349834983498,0.7385,0.413461538,0.1,91.99918226504414,4.427638504159711,4.45,3.959217683975073,4.334156872483756,1.5337959825992584,Paul Blackburn,14739,621112,0.1583585041597111,P.Blackburn
86,Dean Kremer,BAL,7.0,8.0,8.0,4.30623,25.0,25.0,0.0,0.0,137.0,581.0,137.0,71.0,65.0,18.0,43.0,1.0,6.0,107.0,7.05892,2.80838,2.51352,1.1935,0.184288,0.0733185,0.1109693199396133,0.25678,1.31398,0.291232,0.703613,,,4.32984,1.13611,1.06987,497.1900024414063,3.62977,1.68191,0.890312,19350,BAL,13,5,0,32,32,172.2,8.183381532453657,2.866789708821345,1.4073331297850238,0.2932790224032586,0.7557,0.393410852,0.139175257,94.64252553389043,4.117752490852477,4.96,4.5117941590523,4.336604152016848,1.4882500171661377,Dean Kremer,19350,665152,-0.18847750914752304,D.Kremer
87,Graham Ashcraft,CIN,8.0,9.0,10.0,4.39618,29.0,27.0,0.0,0.0,149.0,651.0,159.0,79.0,73.0,16.0,50.0,1.0,8.0,112.0,6.71592,3.0333,2.21406,0.981789,0.171409,0.0774183,0.0939907729625701,0.268406,1.40073,0.307174,0.696942,,,4.20934,1.82219,1.76966,472.1799926757813,1.2308,-0.290604,1.50138,27552,CIN,7,9,0,26,26,145.2,6.858107525606685,3.2128071291130413,1.4210493071076915,0.2920560747663551,0.7424,0.477678571,0.166666666,,4.757425941186619,5.0,5.060527649661472,4.574231550080351,1.4785200357437134,Graham Ashcraft,27552,668933,0.3612459411866187,G.Ashcraft
88,Reese Olson,DET,2.0,2.0,1.0,4.25226,19.0,4.0,0.0,1.0,35.0,151.0,34.0,18.0,17.0,4.0,13.0,1.0,1.0,33.0,8.35953,3.39699,2.46086,1.06875,0.21751,0.0883879,0.1291223168373108,0.247049,1.32895,0.296998,0.701293,,,4.05491,0.228016,0.116833,999.0,1.33771,0.702355,0.741462,sa3008513,DET,5,7,0,21,18,103.2,8.942119115365385,2.8649507845345408,1.2154336661661689,0.2546125461254612,0.6982,0.428070175,0.134615384,94.83194520043546,3.9935677602602686,4.77,4.007451199810398,3.910493387023606,1.475903034210205,Reese Olson,24968,681857,-0.2586922397397311,R.Olson
89,Nick Martinez,SDP,6.0,5.0,6.0,4.07217,34.0,18.0,2.0,2.0,118.0,503.0,112.0,58.0,53.0,16.0,45.0,1.0,5.0,103.0,7.88812,3.44103,2.29237,1.23061,0.205134,0.0894853,0.115648329257965,0.246399,1.33045,0.286233,0.736281,,,4.41135,0.764018,1.2041,392.8500061035156,4.10061,-0.615018,0.576807,12730,SDP,6,4,1,63,9,110.1,8.646520398355108,3.262837886171739,0.9788513658515215,0.29,0.7748,0.537704918,0.139534883,93.53193523503153,3.425979780480326,4.1,3.91667089846696,3.7914898643251753,1.3516029715538025,Nick Martinez,12730,607259,-0.6461902195196738,N.Martinez
90,Andrew Heaney,TEX,8.0,8.0,8.0,3.90121,26.0,26.0,0.0,0.0,133.0,546.0,115.0,63.0,58.0,20.0,37.0,1.0,7.0,160.0,10.8172,2.51589,4.29953,1.36895,0.293558,0.0682766,0.2252810150384903,0.229818,1.14489,0.295786,0.722931,,,3.6728,2.23557,1.67771,212.0500030517578,4.51296,-0.16795,0.683779,15423,TEX,10,6,0,34,28,147.1,9.22395845598104,3.665149055356705,1.4049738045534037,0.3022670025188917,0.7688,0.400479616,0.132183908,92.53280238421314,4.153835596070932,4.55,4.660013687213316,4.583204430578332,1.3356610238552094,Andrew Heaney,15423,571760,0.25262559607093227,A.Heaney
91,J.P. France,HOU,2.0,2.0,0.0,4.36197,24.0,3.0,0.0,1.0,31.0,135.0,29.0,17.0,15.0,5.0,14.0,1.0,1.0,33.0,9.42893,4.00336,2.35526,1.36376,0.243301,0.103301,0.1399998813867569,0.242622,1.37381,0.295637,0.729126,,,4.41804,0.0357042,-0.0453804,999.0,2.46842,-0.364811,0.723868,sa3008310,HOU,11,6,0,24,23,136.1,6.6674818297188665,3.102689564324621,1.2542787600461234,0.2888349514563106,0.7668,0.427906976,0.118012422,93.04730917025012,3.828850951719745,5.0,4.66335287639591,4.804109502281708,1.2590690329670906,J.P. France,21212,641585,-0.5331190482802555,J.France
92,MacKenzie Gore,WSN,6.0,8.0,7.0,4.37103,24.0,23.0,0.0,1.0,122.0,528.0,113.0,64.0,59.0,16.0,56.0,1.0,6.0,116.0,8.58895,4.10432,2.09266,1.17603,0.220555,0.105394,0.1151604056358337,0.24162,1.37998,0.289627,0.711819,,,4.41147,1.08038,1.17871,352.239990234375,3.85268,-2.34348,1.02897,22201,WSN,7,10,0,27,27,136.1,9.96824007559723,3.76284559145061,1.7824005433187098,0.3092485549132948,0.7847,0.387533875,0.182432432,95.10109289617486,4.42299394082791,5.23,4.890740792783666,4.1110046012341614,1.254830002784729,MacKenzie Gore,22201,669022,0.05196394082790956,M.Gore
93,Julio Urías,LAD,14.0,8.0,13.0,3.61678,31.0,30.0,0.0,0.0,179.0,732.0,160.0,78.0,72.0,21.0,44.0,2.0,7.0,173.0,8.67983,2.21526,3.9182,1.04759,0.236253,0.0602962,0.1759563945233822,0.234935,1.13862,0.285533,0.719317,,,3.5468,3.52537,3.15245,58.04999923706055,6.36932,-0.257286,0.953976,14765,LAD,11,8,0,21,21,117.1,8.974457299793986,1.8409143179064589,1.8409143179064589,0.2829581993569132,0.7472,0.370820668,0.161073825,92.8655462184874,4.602285794766146,4.18,4.686862129920492,4.127339954763585,1.222890019416809,Julio Urias,14765,628711,0.9855057947661465,J.Urías
94,Tanner Houck,BOS,4.0,4.0,1.0,3.60398,42.0,5.0,1.0,5.0,73.0,309.0,65.0,32.0,29.0,6.0,26.0,1.0,5.0,77.0,9.46757,3.18545,2.97213,0.781995,0.249713,0.0840181,0.1656949073076248,0.235251,1.24603,0.303479,0.721076,,,3.39972,0.886413,0.940785,372.5899963378906,2.40353,-0.532949,0.46229,19879,BOS,6,10,0,21,21,106.0,8.40566037735849,3.481132075471698,1.1886792452830188,0.297029702970297,0.6849,0.53015873,0.16091954,94.11591131036931,5.009433962264151,4.3,4.434285165678781,4.074301238442367,1.2104300260543823,Tanner Houck,19879,656557,1.4054539622641506,T.Houck
95,Kyle Freeland,COL,8.0,12.0,11.0,5.03623,30.0,30.0,0.0,0.0,170.0,746.0,191.0,103.0,95.0,25.0,54.0,1.0,8.0,125.0,6.64363,2.86889,2.31575,1.30753,0.167909,0.0725074,0.0954012647271156,0.280081,1.447,0.312567,0.674457,,,4.62899,1.5724,1.50325,631.8599853515625,6.03572,0.198094,2.67877,16256,COL,6,14,0,29,29,155.2,5.43467761010246,2.428260208769184,1.676655858435865,0.309197651663405,0.7075,0.399624765,0.136792452,89.03747306034482,5.029967575307595,5.74,5.297861963053036,5.127696285742684,1.1959600448608398,Kyle Freeland,16256,607536,-0.006262424692404345,K.Freeland
96,Tyler Anderson,LAA,10.0,9.0,12.0,4.11494,29.0,29.0,0.0,0.0,171.0,712.0,170.0,85.0,78.0,24.0,41.0,1.0,6.0,135.0,7.12419,2.18386,3.26219,1.27835,0.189788,0.0581781,0.1316101253032684,0.25545,1.23762,0.28802,0.713006,,,4.2034,2.16258,1.88932,274.739990234375,5.51858,0.861304,0.961152,12880,LAA,6,6,0,27,25,141.0,7.595744680851064,4.085106382978723,1.2765957446808511,0.3007159904534606,0.672,0.309468822,0.096153846,90.16308701300936,5.425531914893617,5.06,4.921706549326579,5.51672361725611,1.1442888379096985,Tyler Anderson,12880,542881,1.3105919148936174,T.Anderson
97,Sean Manaea,SFG,9.0,9.0,12.0,4.10021,28.0,28.0,0.0,0.0,156.0,658.0,154.0,77.0,71.0,22.0,44.0,1.0,6.0,149.0,8.59713,2.55153,3.3694,1.2527,0.22693,0.0673504,0.1595796793699264,0.254142,1.27164,0.303879,0.721085,,,3.97515,2.01948,1.79398,284.1400146484375,5.08396,-1.06187,0.995966,15873,SFG,7,6,1,37,10,117.2,9.790365626963103,3.212463721347268,1.070821240449089,0.2931596091205212,0.6399,0.408805031,0.118644067,93.5736040950129,4.436259424717656,4.18,3.900932059438728,4.012226455289562,1.1164800226688385,Sean Manaea,15873,640455,0.33604942471765664,S.Manaea
98,Zack Greinke,KCR,6.0,7.0,8.0,4.35134,22.0,22.0,0.0,0.0,122.0,514.0,132.0,64.0,59.0,16.0,26.0,1.0,3.0,76.0,5.61846,1.9308,2.90991,1.20941,0.147506,0.050691,0.0968150459229946,0.273079,1.30396,0.29561,0.69763,,,4.33909,1.09395,1.01467,577.72998046875,3.50239,1.10051,0.571395,1943,KCR,2,15,0,30,27,142.1,6.133490913422463,1.454332896997079,1.580796627170738,0.2995495495495495,0.6867,0.431330472,0.147928994,89.71715267038182,5.058549206946362,5.06,4.744501593594119,4.424243739166324,1.0650296043240814,Zack Greinke,1943,425844,0.7072092069463611,Z.Greinke
99,Wade Miley,MIL,6.0,7.0,7.0,4.12797,23.0,21.0,0.0,0.0,109.0,469.0,111.0,54.0,50.0,13.0,38.0,1.0,4.0,78.0,6.48621,3.14851,2.06009,1.08413,0.167237,0.0811796,0.0860574394464492,0.260399,1.37087,0.292405,0.725588,,,4.4021,1.06485,1.30818,534.469970703125,4.20623,0.88864,0.622578,8779,MIL,9,4,0,23,23,120.1,5.908603615949925,2.842113131722749,1.1966792133569468,0.2344632768361582,0.8163,0.462809917,0.116788321,90.47651933701655,3.141282935061985,4.36,4.692716993151244,4.846534728076909,1.0590200424194336,Wade Miley,8779,489119,-0.9866870649380153,W.Miley
100,David Peterson,NYM,7.0,6.0,6.0,3.70463,42.0,16.0,0.0,1.0,114.0,480.0,98.0,51.0,47.0,10.0,47.0,2.0,5.0,126.0,9.98771,3.75649,2.65879,0.80887,0.263032,0.0989294,0.1641026958823204,0.228834,1.27643,0.301118,0.720501,,,3.45644,1.85112,1.58738,379.6900024414063,3.30335,-0.368322,0.440717,20302,NYM,3,8,0,27,21,111.0,10.37837837837838,4.054054054054054,1.2972972972972974,0.3698630136986301,0.736,0.546052631,0.210526315,92.87218182786069,5.027027027027027,4.96,4.336120963740994,3.594272509995882,1.046545997262001,David Peterson,20302,656849,1.3223970270270273,D.Peterson
101,Lucas Giolito,CHW,11.0,9.0,12.0,3.96396,30.0,30.0,0.0,0.0,172.0,714.0,153.0,82.0,76.0,22.0,58.0,1.0,5.0,185.0,9.71842,3.03445,3.20269,1.1605,0.259731,0.0810977,0.1786335110664367,0.235465,1.22935,0.295799,0.715666,,,3.73432,2.50546,2.28171,141.67999267578125,2.43208,0.653495,1.13886,15474,- - -,8,15,0,33,33,184.1,9.960213459759943,3.5641940321689995,2.001807607108616,0.2740899357601713,0.7283,0.361660079,0.177489177,93.29917485955056,4.882457578313698,4.61,5.267697395498114,4.448120057281894,0.977849006652832,Lucas Giolito,15474,608337,0.9184975783136977,L.Giolito
102,Drew Smyly,CHC,7.0,7.0,6.0,4.33519,33.0,21.0,0.0,0.0,116.0,490.0,115.0,61.0,56.0,19.0,35.0,2.0,3.0,105.0,8.10954,2.67452,3.03215,1.48577,0.213597,0.0704442,0.1431531906127929,0.254736,1.28841,0.292434,0.723393,,,4.4382,0.996091,0.827432,420.6900024414063,3.31481,0.158695,0.625846,11760,CHC,11,11,0,41,23,142.1,8.915667887469382,3.540974480129684,1.644023865774496,0.3047858942065491,0.6952,0.347721822,0.142076502,,4.995303284468662,4.16,4.955269692563451,4.706302538030647,0.9493630230426788,Drew Smyly,11760,592767,0.6601132844686619,D.Smyly
103,Austin Gomber,COL,6.0,7.0,5.0,5.01098,33.0,18.0,0.0,0.0,112.0,484.0,120.0,68.0,62.0,18.0,36.0,2.0,4.0,92.0,7.40809,2.87891,2.57323,1.46834,0.19045,0.0740122,0.1164382696151733,0.269575,1.39017,0.304,0.67568,,,4.64216,0.793962,0.815161,740.22998046875,3.81941,0.195977,1.31433,16561,COL,9,9,0,27,27,139.0,5.633093525179856,2.784172661870504,1.683453237410072,0.3108108108108108,0.7028,0.4164859,0.148571428,90.81884815911432,5.503597122302159,5.7,5.427701753163509,5.077606503826251,0.943831980228424,Austin Gomber,16561,596295,0.4926171223021587,A.Gomber
104,Patrick Corbin,WSN,7.0,12.0,9.0,4.94128,26.0,26.0,0.0,0.0,144.0,628.0,160.0,86.0,79.0,23.0,47.0,1.0,4.0,117.0,7.31228,2.9701,2.46197,1.45159,0.185809,0.0754719,0.1103375032544136,0.277135,1.44182,0.312874,0.694932,,,4.66668,0.887786,0.385524,694.1799926757812,7.70491,-0.265363,2.02872,9323,WSN,10,15,0,32,32,180.0,6.2,2.85,1.65,0.3094405594405594,0.7028,0.442016806,0.162561576,91.84463854613732,5.2,6.16,5.277262104882134,4.758543449309137,0.9166569709777832,Patrick Corbin,9323,571578,0.2587200000000003,P.Corbin
105,Javier Assad,CHC,2.0,3.0,2.0,4.58675,21.0,6.0,0.0,0.0,48.0,211.0,50.0,27.0,25.0,7.0,18.0,1.0,3.0,38.0,7.08083,3.44001,2.05837,1.22081,0.180359,0.0876222,0.092737004160881,0.261507,1.40914,0.296645,0.70141,,,4.60807,0.219837,0.0500827,720.719970703125,1.39056,0.787863,0.483428,21741,CHC,5,3,0,32,10,109.1,7.737800378450313,3.374998037409179,1.070121328934618,0.2684563758389262,0.8333,0.469055374,0.122641509,93.15446544828868,3.045729936198528,4.61,4.288575867015569,4.3457899415638055,0.9157670140266418,Javier Assad,21741,665871,-1.5410200638014722,J.Assad
106,Domingo Germán,NYY,7.0,7.0,8.0,4.27251,30.0,22.0,0.0,0.0,124.0,518.0,120.0,64.0,59.0,19.0,33.0,2.0,5.0,108.0,7.79309,2.40611,3.23887,1.40169,0.207669,0.0641177,0.1435510888695716,0.250451,1.23439,0.285712,0.70683,,,4.33048,1.29443,1.05239,373.739990234375,2.67486,0.619555,0.643965,17149,NYY,5,7,0,20,19,108.2,9.441688845084752,2.8159422871305404,1.6564366394885532,0.2333333333333333,0.6526,0.394463667,0.17094017,92.43239996631073,4.5552007585935215,4.33,4.653808600450246,4.041316225469895,0.896361481398344,Domingo German,17149,593334,0.2826907585935219,D.Germán
107,Colin Rea,,,,,,,,,,,,,,,,,,,,,,,,,,,,,,,,,,,,,,,,,MIL,6,6,0,26,22,124.2,7.941155249216464,2.743308177002051,1.6604233702907152,0.2543859649122807,0.7262,0.43767313,0.169117647,93.13532109223596,4.548116188187612,4.39,4.899420515073422,4.304684109287085,0.7797696031630039,Colin Rea,12317,607067,,C.Rea
108,Taj Bradley,TBR,1.0,1.0,1.0,4.54805,4.0,3.0,0.0,0.0,17.0,71.0,16.0,9.0,9.0,2.0,5.0,0.0,1.0,14.0,7.42449,2.64352,2.80856,1.0791,0.197035,0.0701552,0.1268799602985382,0.248509,1.25272,0.287938,0.648414,,,4.00461,0.203118,0.122103,999.0,2.0043,1.08249,1.02834,sa3007839,TBR,5,8,0,23,21,104.2,11.092321381438891,3.3534925106675724,1.9777007114193377,0.3097014925373134,0.6766,0.365517241,0.191666666,96.24354340569606,5.589154184445954,4.55,4.793251547097174,3.832130561236269,0.7735328264534473,Taj Bradley,22543,671737,1.0411041844459543,T.Bradley
109,Jake Irvin,WSN,1.0,1.0,1.0,4.92748,3.0,3.0,0.0,0.0,15.0,67.0,16.0,9.0,8.0,3.0,5.0,0.0,1.0,12.0,7.01087,2.93162,2.39147,1.49064,0.178773,0.0747545,0.1040184125304222,0.269855,1.39755,0.299348,0.688395,,,4.86437,0.0650383,0.035598,999.0,1.11939,1.58647,0.992024,sa3008223,WSN,3,7,0,24,24,121.0,7.363636363636363,4.016528925619835,1.487603305785124,0.2808022922636103,0.75,0.427792915,0.137931034,94.51798310367454,4.6115702479338845,5.23,5.304626659519416,5.137157013692146,0.7677819728851318,Jake Irvin,21504,663623,-0.3159097520661156,J.Irvin
110,Ryne Nelson,ARI,5.0,5.0,6.0,4.4723,17.0,17.0,0.0,0.0,93.0,396.0,91.0,50.0,46.0,14.0,32.0,1.0,4.0,81.0,7.77748,3.05628,2.54475,1.35917,0.203358,0.0799128,0.1234455853700637,0.250815,1.31046,0.287095,0.700914,,,4.48313,0.725527,0.800384,443.4500122070313,2.92611,-0.281551,0.422881,26253,ARI,8,8,0,29,27,144.0,6.000014066729146,2.8750067403077155,1.5000035166822865,0.2986725663716814,0.6903,0.366525423,0.114832535,94.37609321802044,5.312512454916432,5.3,5.0675441319843415,5.3005360635992425,0.73639877140522,Ryne Nelson,26253,669194,0.8402124549164327,R.Nelson
111,Rich Hill,PIT,5.0,6.0,5.0,4.35842,19.0,19.0,0.0,0.0,98.0,420.0,95.0,52.0,48.0,13.0,33.0,1.0,6.0,84.0,7.67312,3.05833,2.50892,1.21895,0.199846,0.0796541,0.120191752910614,0.250597,1.30956,0.289516,0.699304,,,4.35715,1.04577,0.844252,579.77001953125,2.98351,1.0224,0.37881,4806,- - -,8,14,0,32,27,146.1,7.933937120557821,3.5671965348244465,1.4145779362234874,0.3205417607223476,0.6673,0.379912663,0.13372093,88.41347136320891,5.412298190768126,5.7,4.867795404151424,4.767864025983357,0.7229999601840973,Rich Hill,4806,448179,1.0538781907681258,R.Hill
112,JP Sears,OAK,5.0,6.0,5.0,3.90046,39.0,13.0,0.0,1.0,96.0,406.0,91.0,45.0,42.0,12.0,31.0,2.0,4.0,84.0,7.80918,2.89227,2.70002,1.12362,0.206033,0.076308,0.1297251880168914,0.245318,1.26429,0.286929,0.728055,,,4.10321,0.812519,0.726449,588.4299926757812,3.34671,-1.55315,0.131212,23429,OAK,5,14,0,32,32,172.1,8.408140417734526,2.7678971561486327,1.77563213790667,0.2781316348195329,0.7725,0.290581162,0.129770992,93.2086230876217,4.543529294055303,4.77,5.152529128069981,5.101340230261053,0.6280440092086792,JP Sears,23429,676664,0.6430692940553033,J.Sears
113,Tyler Wells,BAL,5.0,6.0,5.0,4.34413,40.0,13.0,0.0,1.0,101.0,423.0,97.0,53.0,49.0,16.0,29.0,1.0,3.0,86.0,7.61161,2.54798,2.98731,1.41048,0.202374,0.0677444,0.1346291676163673,0.249031,1.24479,0.28153,0.70231,,,4.41052,0.610786,0.418462,547.6799926757812,2.47896,0.893877,0.412254,20000,BAL,7,6,1,25,20,118.2,8.873570593550012,2.5786444459888926,1.896062092638892,0.2,0.8256,0.322683706,0.14619883,92.6543118154555,3.640439217866672,4.04,4.982563122619792,4.626300207166672,0.6251299977302551,Tyler Wells,20000,669330,-0.7036907821333278,T.Wells
114,Tylor Megill,NYM,4.0,4.0,4.0,3.91413,36.0,10.0,0.0,1.0,76.0,314.0,69.0,36.0,33.0,10.0,22.0,1.0,3.0,82.0,9.71532,2.60837,3.72467,1.21799,0.26156,0.0702236,0.1913359612226486,0.237558,1.19339,0.296758,0.71785,,,3.68335,0.992512,0.772582,403.2699890136719,3.55246,-0.190838,0.386921,21318,NYM,9,8,0,25,25,126.1,7.480230807709219,4.13193701759176,1.2823252813215804,0.3236842105263158,0.7175,0.439086294,0.130434782,95.18232931726908,4.701859364845795,5.89,4.964806924422019,4.918601281000871,0.5566269755363464,Tylor Megill,21318,656731,0.787729364845795,T.Megill
115,Lance Lynn,CHW,10.0,9.0,12.0,3.81923,28.0,28.0,0.0,0.0,164.0,673.0,151.0,75.0,69.0,23.0,41.0,1.0,7.0,162.0,8.91189,2.24752,3.9652,1.27837,0.240568,0.0606697,0.179897878319025,0.241437,1.17274,0.290244,0.730562,,,3.85791,2.33951,2.51519,130.92999267578125,2.98174,0.4429,0.716587,2520,- - -,13,11,0,32,32,183.2,9.359329665719724,3.283115641901683,2.156075943935434,0.2917505030181087,0.6785,0.356472795,0.19047619,92.64240933641976,5.733201941828312,4.86,5.530897823480648,4.496006000028997,0.5053029805421829,Lance Lynn,2520,458681,1.9139719418283123,L.Lynn
116,Luis Medina,,,,,,,,,,,,,,,,,,,,,,,,,,,,,,,,,,,,,,,,,OAK,3,10,0,23,17,109.2,8.699093643009958,4.677814506146864,1.1489368962465982,0.3064516129032258,0.6541,0.437888198,0.126126126,96.10938464506172,5.416416796591106,4.8,4.7596001039352185,4.773480116074486,0.480067990720272,Luis Medina,21649,665622,,L.Medina
117,Martín Pérez,TEX,10.0,10.0,13.0,3.98263,30.0,30.0,0.0,0.0,171.0,734.0,170.0,82.0,76.0,19.0,60.0,1.0,7.0,142.0,7.43249,3.17328,2.34221,0.990564,0.192823,0.0823252,0.1104980334639549,0.254416,1.34215,0.297766,0.724842,,,4.07142,1.88024,2.05094,316.3500061035156,3.58781,0.29552,1.39205,6902,TEX,10,4,0,35,20,141.2,5.9082505140228045,3.1129491955604025,1.334121083811601,0.2925170068027211,0.7431,0.454945054,0.129629629,92.07164772269653,4.447070279372004,4.86,4.99151494412898,4.95511371457663,0.4567769914865494,Martin Perez,6902,527048,0.46444027937200394,M.Pérez
118,Luke Weaver,CIN,4.0,8.0,4.0,4.86418,30.0,16.0,0.0,1.0,96.0,416.0,101.0,56.0,52.0,16.0,33.0,1.0,4.0,90.0,8.46405,3.08779,2.74114,1.46069,0.21723,0.079248,0.1379818096756935,0.265305,1.39031,0.311102,0.69027,,,4.48762,0.850991,0.522095,734.8400268554688,2.86355,-1.45434,0.873968,16918,- - -,3,6,0,29,25,123.2,7.932616293605226,2.911051850864303,2.11051259187662,0.3307086614173228,0.6881,0.354523227,0.18125,94.12363880085496,6.404314071901467,5.59,5.608140128775224,4.698731303599823,0.4349459856748581,Luke Weaver,16918,596133,1.5401340719014671,L.Weaver
119,Tony Gonsolin,LAD,10.0,7.0,9.0,3.84182,26.0,26.0,0.0,0.0,136.0,564.0,120.0,63.0,58.0,18.0,45.0,1.0,5.0,130.0,8.61528,2.97729,2.89367,1.1867,0.230914,0.0797996,0.1511140093207359,0.232606,1.20984,0.277767,0.727487,,,4.01148,1.55397,1.99915,188.1999969482422,6.35501,-0.0262954,0.615315,19388,LAD,8,5,0,20,20,103.0,7.165048543689321,3.495145631067961,1.6601941747572817,0.2334494773519163,0.6767,0.359735973,0.137681159,92.55342703576864,4.980582524271845,5.85,5.42979716421331,5.2469107801474415,0.3335889875888824,Tony Gonsolin,19388,664062,1.1387625242718449,T.Gonsolin
120,Jordan Lyles,KCR,8.0,13.0,10.0,4.9316,29.0,29.0,0.0,0.0,166.0,722.0,180.0,99.0,91.0,27.0,53.0,1.0,7.0,121.0,6.56976,2.87182,2.28766,1.4407,0.168127,0.073493,0.094634398818016,0.271904,1.40208,0.298393,0.684632,,,4.80988,0.717731,0.212158,579.010009765625,2.73333,-0.665204,2.33832,7593,KCR,6,17,0,31,31,177.2,6.078787589904656,2.279545346214246,1.975605966719013,0.2546468401486988,0.5626,0.335087719,0.140794223,91.38579561990689,6.281413842901477,5.03,5.619012834289501,5.343096428053256,0.1668719947338104,Jordan Lyles,7593,543475,1.3498138429014768,J.Lyles
121,Trevor Williams,WSN,5.0,8.0,5.0,4.69065,27.0,20.0,0.0,0.0,118.0,503.0,122.0,67.0,61.0,19.0,35.0,1.0,5.0,97.0,7.38386,2.66194,2.77386,1.42817,0.191732,0.0691208,0.122610904276371,0.264108,1.33657,0.297841,0.691006,,,4.54924,1.01232,0.565584,613.5800170898438,2.62502,0.6478,0.961825,16977,WSN,6,10,0,30,30,144.1,6.921494402107959,3.3048576874929894,2.120097384429465,0.3157894736842105,0.7378,0.395061728,0.17,89.82558139534883,5.549666682771247,5.74,5.984838475683471,5.213501203573408,-0.0832976028323173,Trevor Williams,16977,592866,0.8590166827712471,T.Williams
122,Ken Waldichuk,OAK,6.0,8.0,8.0,3.9763,30.0,23.0,0.0,0.0,127.0,534.0,112.0,61.0,56.0,16.0,48.0,1.0,7.0,124.0,8.82843,3.37268,2.61763,1.13927,0.232932,0.0889859,0.1439465135335922,0.23309,1.25615,0.282295,0.719157,,,4.08568,1.18375,1.08993,376.5700073242188,5.97719,-2.79462,0.388654,27681,OAK,4,9,1,35,22,141.0,8.425531914893616,4.531914893617022,1.5319148936170213,0.3101736972704714,0.696,0.398104265,0.14117647,93.4829591606498,5.361702127659575,4.73,5.297593074149274,5.078231341957201,-0.1273179948329925,Ken Waldichuk,27681,686610,1.3854021276595745,K.Waldichuk
123,Adam Wainwright,STL,11.0,10.0,12.0,4.17108,29.0,29.0,0.0,0.0,173.0,735.0,175.0,87.0,80.0,21.0,51.0,2.0,8.0,126.0,6.59452,2.6509,2.48765,1.11449,0.172188,0.069217,0.1029708757996559,0.259434,1.31047,0.291594,0.709448,,,4.27515,1.55585,1.82296,366.8800048828125,3.67088,1.34345,1.36371,2233,STL,5,11,0,21,21,101.0,4.900990099009901,3.6534653465346536,1.7821782178217822,0.3569482288828338,0.6303,0.401041666,0.138888888,85.94825354287791,7.396039603960396,7.35,5.987713149986646,5.7707113672010975,-0.3557800054550171,Adam Wainwright,2233,425794,3.2249596039603965,A.Wainwright
124,Chris Flexen,SEA,5.0,5.0,4.0,4.12704,45.0,8.0,0.0,1.0,85.0,361.0,86.0,42.0,39.0,12.0,26.0,2.0,3.0,65.0,6.825,2.72861,2.50127,1.22711,0.178585,0.0713977,0.1071871668100357,0.25834,1.31386,0.289752,0.72613,,,4.37062,0.263707,0.257972,620.510009765625,1.05628,-0.886813,0.238043,13896,- - -,2,8,0,29,16,102.1,6.508145344186014,3.3420205821495745,2.1986977514141937,0.3323076923076923,0.6714,0.390804597,0.193798449,92.0506205156466,6.859936984412284,6.2,6.21595285456436,5.124250817014941,-0.4690309911966324,Chris Flexen,13896,623167,2.7328969844122843,C.Flexen
125,Joey Wentz,DET,4.0,5.0,4.0,4.55429,17.0,14.0,0.0,1.0,71.0,307.0,68.0,39.0,36.0,9.0,31.0,1.0,3.0,59.0,7.53647,3.9866,1.89045,1.20825,0.19307,0.102129,0.0909410044550895,0.248277,1.40076,0.285345,0.701449,,,4.62111,0.19694,0.25847,621.030029296875,2.67531,0.679276,0.347602,19962,DET,3,13,0,25,19,105.2,8.347008628868924,4.0031571995595865,2.1293389359359502,0.3291925465838509,0.6364,0.372832369,0.163398692,93.5346187149751,6.899058152432478,5.74,5.810246605783052,5.128507952219422,-0.6113540083169937,Joey Wentz,19962,666214,2.3447681524324784,J.Wentz
126,Michael Kopech,CHW,7.0,8.0,8.0,4.26584,31.0,26.0,0.0,0.0,137.0,581.0,120.0,70.0,65.0,21.0,58.0,1.0,6.0,136.0,8.93605,3.81622,2.3416,1.35125,0.233881,0.0998811,0.1340000405907631,0.232905,1.30452,0.276916,0.721287,,,4.47285,1.0714,1.27817,286.17999267578125,5.53393,-0.0112979,0.93379,17282,CHW,5,12,0,30,27,129.1,9.324718002080465,6.3324577476815085,2.0180359855248766,0.263803680981595,0.7766,0.355113636,0.173652694,95.39865367810198,5.42782092658415,5.81,6.463794419030885,5.683718642436016,-0.8872101046144962,Michael Kopech,17282,656629,1.1619809265841505,M.Kopech
