,name,team,position,matchup,over_line,under_line,over_cost,under_cost,over_cost_USA,under_cost_USA,date
0,Patrick Corbin,WSH,SP,MIA at WSH,5.5,6.5,0.5238095238095238,0.6062992125984252,(-110),(-154),2021-05-01
1,Jameson Taillon,CHC,SP,DET at NYY,6.5,6.5,0.44642857142857145,0.5555555555555556,(+124),(-125),2021-05-01
2,Spencer Turnbull,FA,SP,DET at NYY,6.5,6.5,0.38461538461538464,0.6774193548387096,(+160),(-210),2021-05-01
3,Danny Duffy,TEX,"SP,RP",KC at MIN,5.5,5.5,0.5098039215686274,0.5495495495495496,(-104),(-122),2021-05-01
4,Lance Lynn,STL,SP,CLE at CWS,6.5,6.5,0.5652173913043478,0.4878048780487805,(-130),(+105),2021-05-01
5,Triston Mckenzie P,CLE,SP,CLE at CWS,5.5,5.5,0.504950495049505,0.4878048780487805,(-102),(+105),2021-05-01
6,Jesus Luzardo,MIA,SP,BAL at OAK,6.5,6.5,0.4807692307692308,0.5454545454545454,(+108),(-120),2021-05-01
7,Luis Castillo,SEA,SP,CHC at CIN,6.5,6.5,0.504950495049505,0.5260663507109005,(-102),(-111),2021-05-01
8,Zach Davies,FA,SP,CHC at CIN,3.5,4.5,0.6062992125984252,0.6503496503496503,(-154),(-186),2021-05-01
9,Jose Urquidy,HOU,"SP,RP",HOU at TB,5.5,5.5,0.4424778761061947,0.6153846153846154,(+126),(-160),2021-05-01
10,Zack Wheeler,PHI,SP,NYM at PHI,6.5,6.5,0.5412844036697247,0.47619047619047616,(-118),(+110),2021-05-01
11,Taijuan Walker,PHI,SP,NYM at PHI,5.5,5.5,0.5370370370370371,0.5238095238095238,(-116),(-110),2021-05-01
12,Jack Flaherty,DET,SP,STL at PIT,6.5,6.5,0.4672897196261682,0.5708154506437768,(+114),(-133),2021-05-01
13,Trevor Cahill,FA,SP,STL at PIT,4.5,5.5,0.5983935742971888,0.6825396825396826,(-149),(-215),2021-05-01
14,Jordan Lyles,KC,SP,BOS at TEX,4.5,5.5,0.5815899581589958,0.696969696969697,(-139),(-230),2021-05-01
15,Eduardo Rodriguez,ARI,SP,BOS at TEX,7.5,7.5,0.46511627906976744,0.5614035087719298,(+115),(-128),2021-05-01
16,Brandon Woodruff,FA,SP,LAD at MIL,6.5,7.5,0.5454545454545454,0.5867768595041323,(-120),(-142),2021-05-01
17,Dustin May,LAD,SP,LAD at MIL,5.5,6.5,0.5555555555555556,0.6268656716417911,(-125),(-168),2021-05-01
18,Charlie Morton,ATL,SP,ATL at TOR,5.5,5.5,0.5283018867924528,0.5283018867924528,(-112),(-112),2021-05-01
19,Austin Gomber,COL,SP,COL at ARI,5.5,5.5,0.45454545454545453,0.5614035087719298,(+120),(-128),2021-05-01
20,Zac Gallen,ARI,SP,COL at ARI,6.5,7.5,0.5815899581589958,0.6774193548387096,(-139),(-210),2021-05-01
21,Max Scherzer,TEX,SP,MIA at WSH,8.5,9.5,0.6062992125984252,0.5689655172413793,(-154),(-132),2021-05-02
22,Trevor Rogers,MIA,SP,MIA at WSH,6.5,6.5,0.5689655172413793,0.4878048780487805,(-132),(+105),2021-05-02
23,Jose Urena,TEX,SP,DET at NYY,4.5,4.5,0.42735042735042733,0.5614035087719298,(+134),(-128),2021-05-02
24,Corey Kluber,FA,"RP,SP",DET at NYY,5.5,6.5,0.6062992125984252,0.6,(-154),(-150),2021-05-02
25,Carlos Martinez,FA,SP,STL at PIT,4.5,4.5,0.43478260869565216,0.6124031007751938,(+130),(-158),2021-05-02
26,Ian Anderson,ATL,SP,ATL at TOR,5.5,5.5,0.5412844036697247,0.5192307692307693,(-118),(-108),2021-05-02
27,Tyler Mahle,TEX,SP,CHC at CIN,6.5,7.5,0.5815899581589958,0.5798319327731093,(-139),(-138),2021-05-02
28,Trevor Williams,WSH,SP,CHC at CIN,4.5,4.5,0.5283018867924528,0.5260663507109005,(-112),(-111),2021-05-02
29,Cristian Javier,HOU,SP,HOU at TB,5.5,6.5,0.5708154506437768,0.5798319327731093,(-133),(-138),2021-05-02
30,Brad Keller,FA,"SP,RP",KC at MIN,3.5,4.5,0.5348837209302325,0.6825396825396826,(-115),(-215),2021-05-02
31,Jose Berrios,TOR,SP,KC at MIN,5.5,5.5,0.49019607843137253,0.5555555555555556,(+104),(-125),2021-05-02
32,Julio Urias,FA,SP,LAD at MIL,6.5,6.5,0.4672897196261682,0.5901639344262295,(+114),(-144),2021-05-02
33,Zach Plesac,LAA,SP,CLE at CWS,5.5,5.5,0.45454545454545453,0.576271186440678,(+120),(-136),2021-05-02
34,Lucas Giolito,BOS,SP,CLE at CWS,6.5,7.5,0.5614035087719298,0.609375,(-128),(-156),2021-05-02
35,Garrett Richards,FA,RP,BOS at TEX,5.5,5.5,0.45454545454545453,0.6,(+120),(-150),2021-05-02
36,Michael Foltynewicz,FA,SP,BOS at TEX,4.5,5.5,0.6254681647940075,0.5833333333333334,(-167),(-140),2021-05-02
37,Bruce Zimmerman,BAL,RP,BAL at OAK,4.5,4.5,0.3875968992248062,0.5614035087719298,(+158),(-128),2021-05-02
38,Sean Manaea,NYM,"SP,RP",BAL at OAK,5.5,5.5,0.4807692307692308,0.5708154506437768,(+108),(-133),2021-05-02
39,Kevin Gausman,TOR,SP,SF at SD,6.5,6.5,0.46296296296296297,0.5967741935483871,(+116),(-148),2021-05-02
40,Dylan Bundy,FA,SP,LAA at SEA,6.5,7.5,0.5614035087719298,0.6453900709219859,(-128),(-182),2021-05-02
41,Justus Sheffield,FA,"RP,SP",LAA at SEA,4.5,5.5,0.6062992125984252,0.6503496503496503,(-154),(-186),2021-05-02
42,Chi Chi Gonzalez,FA,"RP,SP",COL at ARI,3.5,3.5,0.5348837209302325,0.5238095238095238,(-115),(-110),2021-05-02
43,Merrill Kelly,ARI,SP,COL at ARI,5.5,5.5,0.5708154506437768,0.5,(-133),(EVEN),2021-05-02
44,David Peterson,NYM,"SP,RP",NYM at PHI,5.5,5.5,0.42735042735042733,0.6323529411764706,(+134),(-172),2021-05-02
45,Zach Eflin,TB,SP,NYM at PHI,5.5,5.5,0.43478260869565216,0.6062992125984252,(+130),(-154),2021-05-02
46,Adrian Houser,NYM,SP,MIL at PHI,4.5,4.5,0.4424778761061947,0.5708154506437768,(+126),(-133),2021-05-03
47,Vincent Velasquez,FA,"SP,RP",MIL at PHI,5.5,5.5,0.5614035087719298,0.5,(-128),(EVEN),2021-05-03
48,Kenta Maeda,DET,SP,TEX at MIN,6.5,6.5,0.4807692307692308,0.5798319327731093,(+108),(-138),2021-05-03
49,Dane Dunning,TEX,"SP,RP",TEX at MIN,3.5,3.5,0.6062992125984252,0.45454545454545453,(-154),(+120),2021-05-03
50,Adam Wainwright,FA,SP,NYM at STL,5.5,5.5,0.46296296296296297,0.5967741935483871,(+116),(-148),2021-05-03
51,Aaron Civale,TB,SP,CLE at KC,4.5,4.5,0.5260663507109005,0.5238095238095238,(-111),(-110),2021-05-03
52,Tyler Glasnow,LAD,SP,TB at LAA,7.5,7.5,0.5,0.5238095238095238,(EVEN),(-110),2021-05-03
53,Frankie Montas,CIN,"SP,RP",TOR at OAK,6.5,6.5,0.43478260869565216,0.6168582375478927,(+130),(-161),2021-05-03
54,Steven Matz,STL,"SP,RP",TOR at OAK,5.5,5.5,0.3333333333333333,0.5555555555555556,(+200),(-125),2021-05-03
55,Dean Kremer,BAL,SP,BAL at SEA,5.5,5.5,0.5,0.5412844036697247,(EVEN),(-118),2021-05-03
56,Miguel Diaz,DET,RP,PIT at SD,4.5,4.5,0.3875968992248062,0.6721311475409836,(+158),(-205),2021-05-03
57,Tyler Anderson,LAA,SP,PIT at SD,5.5,6.5,0.5121951219512195,0.7014925373134329,(-105),(-235),2021-05-03
58,Walker Buehler,LAD,SP,LAD at CHC,6.5,7.5,0.5555555555555556,0.6240601503759399,(-125),(-166),2021-05-04
59,Kyle Hendricks,CHC,SP,LAD at CHC,4.5,4.5,0.4878048780487805,0.5283018867924528,(+105),(-112),2021-05-04
60,Jeff Hoffman,PHI,RP,CWS at CIN,4.5,5.5,0.47619047619047616,0.7058823529411765,(+110),(-240),2021-05-04
61,Dylan Cease,CWS,SP,CWS at CIN,5.5,5.5,0.504950495049505,0.5412844036697247,(-102),(-118),2021-05-04
62,Sandy Alcantara,MIA,SP,ARI at MIA,5.5,5.5,0.5370370370370371,0.5238095238095238,(-116),(-110),2021-05-04
63,Riley Smith,FA,"SP,RP",ARI at MIA,4.5,4.5,0.42735042735042733,0.6323529411764706,(+134),(-172),2021-05-04
64,Zack Greinke,FA,SP,HOU at NYY,4.5,5.5,0.6168582375478927,0.5833333333333334,(-161),(-140),2021-05-04
65,Domingo German,FA,SP,HOU at NYY,4.5,5.5,0.588477366255144,0.6774193548387096,(-143),(-210),2021-05-04
66,Aaron Nola,PHI,SP,MIL at PHI,7.5,8.5,0.5614035087719298,0.5098039215686274,(-128),(-104),2021-05-04
67,Nick Pivetta,BOS,"SP,RP",DET at BOS,5.5,5.5,0.5614035087719298,0.4672897196261682,(-128),(+114),2021-05-04
68,Ja Happ,FA,SP,TEX at MIN,5.5,5.5,0.43859649122807015,0.6168582375478927,(+128),(-161),2021-05-04
69,Kyle Gibson,STL,SP,TEX at MIN,4.5,4.5,0.46511627906976744,0.5798319327731093,(+115),(-138),2021-05-04
70,Mike Minor,FA,SP,CLE at KC,4.5,5.5,0.6168582375478927,0.6240601503759399,(-161),(-166),2021-05-04
71,German Marquez,COL,SP,SF at COL,5.5,5.5,0.5,0.5614035087719298,(EVEN),(-128),2021-05-04
72,Alex Cobb,SF,SP,TB at LAA,5.5,5.5,0.45454545454545453,0.6168582375478927,(+120),(-161),2021-05-04
73,Shane Mcclanahan,TB,SP,TB at LAA,4.5,4.5,0.5145631067961165,0.5454545454545454,(-106),(-120),2021-05-04
74,Cole Irvin,BAL,"SP,RP",TOR at OAK,4.5,4.5,0.45871559633027525,0.5983935742971888,(+118),(-149),2021-05-04
75,Mitch Keller,PIT,SP,PIT at SD,4.5,4.5,0.5238095238095238,0.5370370370370371,(-110),(-116),2021-05-04
76,Ryan Weathers,MIA,SP,PIT at SD,4.5,4.5,0.5145631067961165,0.5495495495495496,(-106),(-122),2021-05-04
77,Jorge Lopez,NYM,RP,BAL at SEA,4.5,4.5,0.46511627906976744,0.5726495726495726,(+115),(-134),2021-05-04
78,Justin Dunn,FA,SP,BAL at SEA,5.5,5.5,0.4854368932038835,0.5708154506437768,(+106),(-133),2021-05-04
79,Dallas Keuchel,FA,SP,CWS at CIN,4.5,4.5,0.45454545454545453,0.6031746031746031,(+120),(-152),2021-05-05
80,Sonny Gray,STL,SP,CWS at CIN,6.5,6.5,0.5555555555555556,0.45871559633027525,(-125),(+118),2021-05-05
81,Logan Webb,SF,SP,SF at COL,4.5,5.5,0.5555555555555556,0.7014925373134329,(-125),(-235),2021-05-05
82,Jonathan Gray,TEX,SP,SF at COL,4.5,5.5,0.5708154506437768,0.6268656716417911,(-133),(-168),2021-05-05
83,Yusei Kikuchi,TOR,SP,BAL at SEA,5.5,5.5,0.46296296296296297,0.5454545454545454,(+116),(-120),2021-05-05
84,John Means,BAL,SP,BAL at SEA,6.5,6.5,0.4807692307692308,0.5555555555555556,(+108),(-125),2021-05-05
85,Kwang Hyun Kim,FA,"SP,RP",NYM at STL,4.5,4.5,0.5412844036697247,0.5192307692307693,(-118),(-108),2021-05-05
86,Marcus Stroman,NYY,SP,NYM at STL,4.5,4.5,0.5726495726495726,0.4854368932038835,(-134),(+106),2021-05-05
87,Luke Weaver,NYY,SP,ARI at MIA,5.5,5.5,0.45454545454545453,0.6031746031746031,(+120),(-152),2021-05-05
88,Erick Fedde,CWS,SP,ATL at WSH,4.5,4.5,0.46511627906976744,0.5098039215686274,(+115),(-104),2021-05-05
89,Max Fried,ATL,SP,ATL at WSH,5.5,5.5,0.3472222222222222,0.7142857142857143,(+188),(-250),2021-05-05
90,Freddy Peralta,MIL,SP,MIL at PHI,7.5,7.5,0.5348837209302325,0.5412844036697247,(-115),(-118),2021-05-05
91,Jordan Montgomery,FA,SP,HOU at NYY,4.5,4.5,0.5238095238095238,0.5370370370370371,(-110),(-116),2021-05-05
92,Luis Garcia P,HOU,SP,HOU at NYY,5.5,5.5,0.3787878787878788,0.6825396825396826,(+164),(-215),2021-05-05
93,Casey Mize,DET,SP,DET at BOS,4.5,4.5,0.45454545454545453,0.6031746031746031,(+120),(-152),2021-05-05
94,Martin Perez,PIT,"SP,RP",DET at BOS,4.5,4.5,0.5652173913043478,0.49504950495049505,(-130),(+102),2021-05-05
95,Adbert Alzolay,CHC,RP,LAD at CHC,5.5,6.5,0.5983935742971888,0.6376811594202898,(-149),(-176),2021-05-05
96,Walker Buehler,LAD,SP,LAD at CHC,7.5,7.5,0.47619047619047616,0.5833333333333334,(+110),(-140),2021-05-05
97,Jonathan Brubaker,PIT,SP,PIT at SD,5.5,5.5,0.46511627906976744,0.576271186440678,(+115),(-136),2021-05-05
98,Yu Darvish,SD,SP,PIT at SD,7.5,8.5,0.5983935742971888,0.5867768595041323,(-149),(-142),2021-05-05
99,Shane Bieber,CLE,SP,CLE at KC,9.5,9.5,0.5238095238095238,0.5370370370370371,(-110),(-116),2021-05-05
100,Brady Singer,KC,SP,CLE at KC,4.5,5.5,0.5983935742971888,0.5901639344262295,(-149),(-144),2021-05-05
101,Jacob Degrom,TEX,SP,NYM at STL,10.5,10.5,0.4716981132075472,0.5614035087719298,(+112),(-128),2021-05-05
102,Shohei Ohtani,LAD,"DH,SP",TB at LAA,6.5,6.5,0.5850622406639004,0.47619047619047616,(-141),(+110),2021-05-05
103,Chris Bassitt,TOR,SP,TOR at OAK,5.5,5.5,0.43103448275862066,0.6254681647940075,(+132),(-167),2021-05-05
104,Robbie Ray,SF,SP,TOR at OAK,6.5,6.5,0.5283018867924528,0.47619047619047616,(-112),(+110),2021-05-05
105,Lance Mccullers,HOU,SP,HOU at NYY,5.5,6.5,0.5983935742971888,0.6551724137931034,(-149),(-190),2021-05-06
106,Gerrit Cole,NYY,SP,HOU at NYY,8.5,8.5,0.4878048780487805,0.5412844036697247,(+105),(-118),2021-05-06
107,Brandon Woodruff,FA,SP,MIL at PHI,7.5,7.5,0.5098039215686274,0.5260663507109005,(-104),(-111),2021-05-06
108,Zack Wheeler,PHI,SP,MIL at PHI,6.5,7.5,0.5708154506437768,0.5652173913043478,(-133),(-130),2021-05-06
109,Spencer Turnbull,FA,SP,DET at BOS,4.5,5.5,0.5555555555555556,0.6503496503496503,(-125),(-186),2021-05-06
110,Nathan Eovaldi,TEX,SP,DET at BOS,6.5,6.5,0.4807692307692308,0.576271186440678,(+108),(-136),2021-05-06
111,Jordan Lyles,KC,SP,TEX at MIN,4.5,4.5,0.3546099290780142,0.7058823529411765,(+182),(-240),2021-05-06
112,Michael Pineda,FA,SP,TEX at MIN,5.5,5.5,0.5934959349593496,0.46296296296296297,(-146),(+116),2021-05-06
113,Taijuan Walker,PHI,SP,NYM at STL,4.5,4.5,0.6062992125984252,0.45045045045045046,(-154),(+122),2021-05-06
114,John Gant,FA,"SP,RP",NYM at STL,3.5,4.5,0.6254681647940075,0.5901639344262295,(-167),(-144),2021-05-06
115,Triston Mckenzie P,CLE,SP,CLE at KC,5.5,5.5,0.42735042735042733,0.5983935742971888,(+134),(-149),2021-05-06
116,Danny Duffy,TEX,"SP,RP",CLE at KC,5.5,5.5,0.5121951219512195,0.5412844036697247,(-105),(-118),2021-05-06
117,Hyun Jin Ryu,FA,SP,TOR at OAK,5.5,5.5,0.45454545454545453,0.6062992125984252,(+120),(-154),2021-05-06
118,Michael Fiers,FA,SP,TOR at OAK,3.5,3.5,0.5145631067961165,0.5495495495495496,(-106),(-122),2021-05-06
119,Drew Smyly,CHC,"SP,RP",ATL at WSH,5.5,5.5,0.5145631067961165,0.5238095238095238,(-106),(-110),2021-05-06
120,Jon Lester,FA,SP,ATL at WSH,4.5,4.5,0.45045045045045046,0.6062992125984252,(+122),(-154),2021-05-06
121,Madison Bumgarner,FA,SP,ARI at MIA,5.5,5.5,0.504950495049505,0.5348837209302325,(-102),(-115),2021-05-06
122,Pablo Lopez,MIN,SP,ARI at MIA,5.5,5.5,0.5,0.5192307692307693,(EVEN),(-108),2021-05-06
123,Andrew Heaney,TEX,"SP,RP",TB at LAA,7.5,7.5,0.5412844036697247,0.5121951219512195,(-118),(-105),2021-05-06
124,Trevor Cahill,FA,SP,PIT at CHC,4.5,5.5,0.588477366255144,0.609375,(-143),(-156),2021-05-07
125,Zach Davies,FA,SP,PIT at CHC,3.5,3.5,0.5614035087719298,0.5,(-128),(EVEN),2021-05-07
126,Patrick Corbin,WSH,SP,WSH at NYY,4.5,4.5,0.5121951219512195,0.504950495049505,(-105),(-102),2021-05-07
127,Jameson Taillon,CHC,SP,WSH at NYY,5.5,5.5,0.4807692307692308,0.5798319327731093,(+108),(-138),2021-05-07
128,Trevor Rogers,MIA,SP,MIL at MIA,7.5,7.5,0.46511627906976744,0.5689655172413793,(+115),(-132),2021-05-07
129,Tarik Skubal,DET,SP,MIN at DET,5.5,5.5,0.4098360655737705,0.6453900709219859,(+144),(-182),2021-05-07
130,Zac Gallen,ARI,SP,ARI at NYM,6.5,7.5,0.5121951219512195,0.6428571428571429,(-105),(-180),2021-05-07
131,David Peterson,NYM,"SP,RP",ARI at NYM,5.5,5.5,0.46296296296296297,0.5967741935483871,(+116),(-148),2021-05-07
132,Zach Eflin,TB,SP,PHI at ATL,5.5,5.5,0.4854368932038835,0.576271186440678,(+106),(-136),2021-05-07
133,Charlie Morton,ATL,SP,PHI at ATL,6.5,6.5,0.5192307692307693,0.4878048780487805,(-108),(+105),2021-05-07
134,Chris Flexen,CWS,"SP,RP",SEA at TEX,5.5,5.5,0.4132231404958678,0.6453900709219859,(+142),(-182),2021-05-07
135,Michael Foltynewicz,FA,SP,SEA at TEX,5.5,6.5,0.5815899581589958,0.6551724137931034,(-139),(-190),2021-05-07
136,Jose Urquidy,HOU,"SP,RP",TOR at HOU,4.5,4.5,0.5260663507109005,0.5238095238095238,(-111),(-110),2021-05-07
137,Ross Stripling,OAK,"SP,RP",TOR at HOU,3.5,3.5,0.49504950495049505,0.5652173913043478,(+102),(-130),2021-05-07
138,Brad Keller,FA,"SP,RP",CWS at KC,3.5,3.5,0.47619047619047616,0.5708154506437768,(+110),(-133),2021-05-07
139,Carlos Rodon,NYY,SP,CWS at KC,5.5,5.5,0.5689655172413793,0.45454545454545453,(-132),(+120),2021-05-07
140,Jack Flaherty,DET,SP,COL at STL,6.5,7.5,0.5555555555555556,0.6,(-125),(-150),2021-05-07
141,Austin Gomber,COL,SP,COL at STL,5.5,5.5,0.43859649122807015,0.6062992125984252,(+128),(-154),2021-05-07
142,Zach Plesac,LAA,SP,CIN at CLE,5.5,5.5,0.4878048780487805,0.5689655172413793,(+105),(-132),2021-05-07
143,Wade Miley,MIL,SP,CIN at CLE,3.5,3.5,0.5495495495495496,0.5098039215686274,(-122),(-104),2021-05-07
144,Griffin Canning,LAA,SP,LAD at LAA,5.5,5.5,0.504950495049505,0.5575221238938053,(-102),(-126),2021-05-07
145,Julio Urias,FA,SP,LAD at LAA,6.5,6.5,0.504950495049505,0.5260663507109005,(-102),(-111),2021-05-07
146,Rich Hill,FA,"RP,SP",TB at OAK,4.5,4.5,0.5192307692307693,0.5412844036697247,(-108),(-118),2021-05-07
147,Sean Manaea,NYM,"SP,RP",TB at OAK,6.5,6.5,0.504950495049505,0.5348837209302325,(-102),(-115),2021-05-07
148,Blake Snell,FA,SP,SD at SF,5.5,7.5,0.5983935742971888,0.6825396825396826,(-149),(-215),2021-05-07
149,Anthony Desclafani,MIN,SP,SD at SF,4.5,5.5,0.5454545454545454,0.609375,(-120),(-156),2021-05-07
150,Corey Kluber,FA,"RP,SP",WSH at NYY,5.5,6.5,0.6168582375478927,0.6268656716417911,(-161),(-168),2021-05-08
151,Max Scherzer,TEX,SP,WSH at NYY,8.5,9.5,0.5412844036697247,0.6153846153846154,(-118),(-160),2021-05-08
152,Chi Chi Gonzalez,FA,"RP,SP",COL at STL,3.5,4.5,0.5348837209302325,0.6923076923076923,(-115),(-225),2021-05-08
153,Trevor Williams,WSH,SP,PIT at CHC,4.5,4.5,0.5614035087719298,0.4807692307692308,(-128),(+108),2021-05-08
154,Joe Musgrove,SD,SP,SD at SF,6.5,7.5,0.5967741935483871,0.6168582375478927,(-148),(-161),2021-05-08
155,Kevin Gausman,TOR,SP,SD at SF,5.5,5.5,0.576271186440678,0.47619047619047616,(-136),(+110),2021-05-08
156,Tyler Glasnow,LAD,SP,TB at OAK,8.5,8.5,0.5283018867924528,0.5283018867924528,(-112),(-112),2021-05-08
157,Frankie Montas,CIN,"SP,RP",TB at OAK,5.5,6.5,0.5967741935483871,0.5708154506437768,(-148),(-133),2021-05-08
158,Jose Urena,TEX,SP,MIN at DET,4.5,4.5,0.47619047619047616,0.5815899581589958,(+110),(-139),2021-05-08
159,Jose Berrios,TOR,SP,MIN at DET,6.5,6.5,0.5689655172413793,0.47619047619047616,(-132),(+110),2021-05-08
160,Adrian Houser,NYM,SP,MIL at MIA,3.5,5.5,0.6363636363636364,0.6774193548387096,(-175),(-210),2021-05-08
161,Luis Castillo,SEA,SP,CIN at CLE,5.5,5.5,0.43478260869565216,0.5815899581589958,(+130),(-139),2021-05-08
162,Aaron Civale,TB,SP,CIN at CLE,4.5,5.5,0.6062992125984252,0.6062992125984252,(-154),(-154),2021-05-08
163,Garrett Richards,FA,RP,BOS at BAL,5.5,5.5,0.49019607843137253,0.5454545454545454,(+104),(-120),2021-05-08
164,Kohei Arihara,FA,SP,SEA at TEX,3.5,3.5,0.4716981132075472,0.5412844036697247,(+112),(-118),2021-05-08
165,Lance Lynn,STL,SP,CWS at KC,5.5,6.5,0.5614035087719298,0.6153846153846154,(-128),(-160),2021-05-08
166,Merrill Kelly,ARI,SP,ARI at NYM,4.5,4.5,0.45454545454545453,0.5934959349593496,(+120),(-146),2021-05-08
167,Cristian Javier,HOU,SP,TOR at HOU,5.5,5.5,0.5798319327731093,0.46511627906976744,(-138),(+115),2021-05-08
168,Steven Matz,STL,"SP,RP",TOR at HOU,4.5,4.5,0.4878048780487805,0.5145631067961165,(+105),(-106),2021-05-08
169,Ian Anderson,ATL,SP,PHI at ATL,5.5,6.5,0.5983935742971888,0.609375,(-149),(-156),2021-05-08
170,Vincent Velasquez,FA,"SP,RP",PHI at ATL,5.5,5.5,0.47619047619047616,0.588477366255144,(+110),(-143),2021-05-08
171,Dylan Bundy,FA,SP,LAD at LAA,5.5,6.5,0.5815899581589958,0.6453900709219859,(-139),(-182),2021-05-08
172,Clayton Kershaw,LAD,SP,LAD at LAA,6.5,6.5,0.45454545454545453,0.5555555555555556,(+120),(-125),2021-05-08
173,Dean Kremer,BAL,SP,BOS at BAL,4.5,5.5,0.6168582375478927,0.6453900709219859,(-161),(-182),2021-05-09
174,Nick Pivetta,BOS,"SP,RP",BOS at BAL,5.5,5.5,0.42016806722689076,0.6062992125984252,(+138),(-154),2021-05-09
175,Domingo German,FA,SP,WSH at NYY,5.5,5.5,0.5,0.5454545454545454,(EVEN),(-120),2021-05-09
176,Sandy Alcantara,MIA,SP,MIL at MIA,6.5,6.5,0.5145631067961165,0.5495495495495496,(-106),(-122),2021-05-09
177,Riley Smith,FA,"SP,RP",ARI at NYM,3.5,3.5,0.5652173913043478,0.49504950495049505,(-130),(+102),2021-05-09
178,Jacob Degrom,TEX,SP,ARI at NYM,9.5,9.5,0.5798319327731093,0.4807692307692308,(-138),(+108),2021-05-09
179,Mike Minor,FA,SP,CWS at KC,4.5,5.5,0.588477366255144,0.6212121212121212,(-143),(-164),2021-05-09
180,Lucas Giolito,BOS,SP,CWS at KC,7.5,7.5,0.45454545454545453,0.6031746031746031,(+120),(-152),2021-05-09
181,Zack Greinke,FA,SP,TOR at HOU,4.5,4.5,0.5098039215686274,0.5495495495495496,(-104),(-122),2021-05-09
182,German Marquez,COL,SP,COL at STL,5.5,5.5,0.45454545454545453,0.5867768595041323,(+120),(-142),2021-05-09
183,Adam Wainwright,FA,SP,COL at STL,4.5,5.5,0.6363636363636364,0.5614035087719298,(-175),(-128),2021-05-09
184,Tyler Anderson,LAA,SP,PIT at CHC,5.5,5.5,0.45454545454545453,0.6062992125984252,(+120),(-154),2021-05-09
185,Kyle Hendricks,CHC,SP,PIT at CHC,5.5,5.5,0.4065040650406504,0.6503496503496503,(+146),(-186),2021-05-09
186,Dane Dunning,TEX,"SP,RP",SEA at TEX,5.5,5.5,0.5192307692307693,0.5348837209302325,(-108),(-115),2021-05-09
187,Justus Sheffield,FA,"RP,SP",SEA at TEX,5.5,5.5,0.43859649122807015,0.5708154506437768,(+128),(-133),2021-05-09
188,Chris Paddack,MIN,"SP,RP",SD at SF,4.5,4.5,0.5,0.5708154506437768,(EVEN),(-133),2021-05-09
189,Jose Quintana,NYM,SP,LAD at LAA,5.5,5.5,0.43103448275862066,0.6268656716417911,(+132),(-168),2021-05-09
190,Trevor Bauer,FA,SP,LAD at LAA,7.5,7.5,0.5238095238095238,0.5370370370370371,(-110),(-116),2021-05-09
191,Cole Irvin,BAL,"SP,RP",TB at OAK,5.5,5.5,0.5454545454545454,0.5145631067961165,(-120),(-106),2021-05-09
192,Huascar Ynoa,ATL,SP,PHI at ATL,5.5,5.5,0.5145631067961165,0.5260663507109005,(-106),(-111),2021-05-09
193,Aaron Nola,PHI,SP,PHI at ATL,6.5,6.5,0.5614035087719298,0.49504950495049505,(-128),(+102),2021-05-09
194,Mitch Keller,PIT,SP,CIN at PIT,4.5,5.5,0.5983935742971888,0.5833333333333334,(-149),(-140),2021-05-10
195,Jeff Hoffman,PHI,RP,CIN at PIT,3.5,3.5,0.5983935742971888,0.46511627906976744,(-149),(+115),2021-05-10
196,Jorge Lopez,NYM,RP,BOS at BAL,4.5,4.5,0.43478260869565216,0.5983935742971888,(+130),(-149),2021-05-10
197,Martin Perez,PIT,"SP,RP",BOS at BAL,4.5,4.5,0.4132231404958678,0.588477366255144,(+142),(-143),2021-05-10
198,Luis Garcia P,HOU,SP,LAA at HOU,5.5,5.5,0.43859649122807015,0.6212121212121212,(+128),(-164),2021-05-10
199,Luke Weaver,NYY,SP,MIA at ARI,5.5,5.5,0.5348837209302325,0.5283018867924528,(-115),(-112),2021-05-10
200,Kyle Gibson,STL,SP,TEX at SF,4.5,5.5,0.5983935742971888,0.5833333333333334,(-149),(-140),2021-05-10
201,Alex Wood,OAK,"RP,SP",TEX at SF,5.5,6.5,0.588477366255144,0.6031746031746031,(-143),(-152),2021-05-10
202,Logan Webb,SF,SP,TEX at SF,4.5,5.5,0.5708154506437768,0.6323529411764706,(-133),(-172),2021-05-11
203,Jordan Lyles,KC,SP,TEX at SF,4.5,4.5,0.4807692307692308,0.576271186440678,(+108),(-136),2021-05-11
204,Adbert Alzolay,CHC,RP,CHC at CLE,4.5,5.5,0.6,0.5412844036697247,(-150),(-118),2021-05-11
205,Shane Bieber,CLE,SP,CHC at CLE,9.5,9.5,0.5370370370370371,0.5238095238095238,(-116),(-110),2021-05-11
206,Jonathan Brubaker,PIT,SP,CIN at PIT,5.5,5.5,0.5370370370370371,0.5121951219512195,(-116),(-105),2021-05-11
207,Jeff Hoffman,PHI,RP,CIN at PIT,3.5,3.5,0.5708154506437768,0.45454545454545453,(-133),(+120),2021-05-11
208,Erick Fedde,CWS,SP,PHI at WSH,4.5,4.5,0.5,0.5412844036697247,(EVEN),(-118),2021-05-11
209,John Means,BAL,SP,BAL at NYM,6.5,6.5,0.47619047619047616,0.588477366255144,(+110),(-143),2021-05-11
210,Marcus Stroman,NYY,SP,BAL at NYM,5.5,6.5,0.5815899581589958,0.6240601503759399,(-139),(-166),2021-05-11
211,Jordan Montgomery,FA,SP,NYY at TB,5.5,6.5,0.6168582375478927,0.635036496350365,(-161),(-174),2021-05-11
212,Nathan Eovaldi,TEX,SP,OAK at BOS,5.5,5.5,0.5652173913043478,0.49504950495049505,(-130),(+102),2021-05-11
213,Chris Bassitt,TOR,SP,OAK at BOS,5.5,5.5,0.4444444444444444,0.6031746031746031,(+125),(-152),2021-05-11
214,Matt Boyd,FA,"RP,SP",KC at DET,4.5,5.5,0.588477366255144,0.6212121212121212,(-143),(-164),2021-05-11
215,Brady Singer,KC,SP,KC at DET,6.5,6.5,0.4716981132075472,0.5708154506437768,(+112),(-133),2021-05-11
216,Robbie Ray,SF,SP,TOR at ATL,6.5,7.5,0.5370370370370371,0.5708154506437768,(-116),(-133),2021-05-11
217,Max Fried,ATL,SP,TOR at ATL,5.5,5.5,0.5495495495495496,0.5098039215686274,(-122),(-104),2021-05-11
218,Bryse Wilson,MIL,RP,TOR at ATL,3.5,3.5,0.6168582375478927,0.45454545454545453,(-161),(+120),2021-05-11
219,Freddy Peralta,MIL,SP,STL at MIL,7.5,7.5,0.5815899581589958,0.4878048780487805,(-139),(+105),2021-05-11
220,Kwang Hyun Kim,FA,"SP,RP",STL at MIL,4.5,5.5,0.5121951219512195,0.6551724137931034,(-105),(-190),2021-05-11
221,Kenta Maeda,DET,SP,MIN at CWS,6.5,6.5,0.43859649122807015,0.6168582375478927,(+128),(-161),2021-05-11
222,Dylan Cease,CWS,SP,MIN at CWS,5.5,6.5,0.5121951219512195,0.576271186440678,(-105),(-136),2021-05-11
223,Lance Mccullers,HOU,SP,LAA at HOU,5.5,6.5,0.5535714285714286,0.5454545454545454,(-124),(-120),2021-05-11
224,Dinelson Lamet,LAD,"RP,SP",SD at COL,6.5,6.5,0.45045045045045046,0.6062992125984252,(+122),(-154),2021-05-11
225,Pablo Lopez,MIN,SP,MIA at ARI,5.5,5.5,0.4854368932038835,0.5412844036697247,(+106),(-118),2021-05-11
226,Madison Bumgarner,FA,SP,MIA at ARI,6.5,6.5,0.4807692307692308,0.576271186440678,(+108),(-136),2021-05-11
227,Yusei Kikuchi,TOR,SP,SEA at LAD,5.5,5.5,0.588477366255144,0.4878048780487805,(-143),(+105),2021-05-11
228,Walker Buehler,LAD,SP,SEA at LAD,7.5,8.5,0.5412844036697247,0.6428571428571429,(-118),(-180),2021-05-11
229,Taijuan Walker,PHI,SP,BAL at NYM,5.5,6.5,0.6062992125984252,0.5238095238095238,(-154),(-110),2021-05-12
230,Trevor Cahill,FA,SP,CIN at PIT,4.5,4.5,0.5098039215686274,0.5348837209302325,(-104),(-115),2021-05-12
231,Sonny Gray,STL,SP,CIN at PIT,6.5,6.5,0.635036496350365,0.423728813559322,(-174),(+136),2021-05-12
232,Zach Davies,FA,SP,CHC at CLE,3.5,3.5,0.47619047619047616,0.576271186440678,(+110),(-136),2021-05-12
233,Yu Darvish,SD,SP,SD at COL,7.5,7.5,0.5260663507109005,0.5412844036697247,(-111),(-118),2021-05-12
234,Jonathan Gray,TEX,SP,SD at COL,4.5,4.5,0.5614035087719298,0.5121951219512195,(-128),(-105),2021-05-12
235,Zack Wheeler,PHI,SP,PHI at WSH,6.5,6.5,0.45454545454545453,0.5098039215686274,(+120),(-104),2021-05-12
236,Jon Lester,FA,SP,PHI at WSH,4.5,4.5,0.4807692307692308,0.5555555555555556,(+108),(-125),2021-05-12
237,Casey Mize,DET,SP,KC at DET,4.5,4.5,0.45454545454545453,0.5726495726495726,(+120),(-134),2021-05-12
238,Danny Duffy,TEX,"SP,RP",KC at DET,6.5,7.5,0.5983935742971888,0.5867768595041323,(-149),(-142),2021-05-12
239,Eduardo Rodriguez,ARI,SP,OAK at BOS,6.5,6.5,0.45871559633027525,0.588477366255144,(+118),(-143),2021-05-12
240,Gerrit Cole,NYY,SP,NYY at TB,9.5,10.5,0.5983935742971888,0.5833333333333334,(-149),(-140),2021-05-12
241,Max Fried,ATL,SP,TOR at ATL,6.5,6.5,0.45871559633027525,0.588477366255144,(+118),(-143),2021-05-12
242,Hyun Jin Ryu,FA,SP,TOR at ATL,5.5,5.5,0.5,0.5192307692307693,(EVEN),(-108),2021-05-12
243,John Gant,FA,"SP,RP",STL at MIL,4.5,5.5,0.5412844036697247,0.6621621621621622,(-118),(-196),2021-05-12
244,Brandon Woodruff,FA,SP,STL at MIL,7.5,8.5,0.6168582375478927,0.635036496350365,(-161),(-174),2021-05-12
245,Dallas Keuchel,FA,SP,MIN at CWS,4.5,4.5,0.3968253968253968,0.6254681647940075,(+152),(-167),2021-05-12
246,Ja Happ,FA,SP,MIN at CWS,4.5,4.5,0.4672897196261682,0.5348837209302325,(+114),(-115),2021-05-12
247,Andrew Heaney,TEX,"SP,RP",LAA at HOU,5.5,6.5,0.5495495495495496,0.6168582375478927,(-122),(-161),2021-05-12
248,Jose Urquidy,HOU,"SP,RP",LAA at HOU,4.5,5.5,0.5614035087719298,0.6551724137931034,(-128),(-190),2021-05-12
249,Julio Urias,FA,SP,SEA at LAD,7.5,7.5,0.4672897196261682,0.5815899581589958,(+114),(-139),2021-05-12
250,Justin Dunn,FA,SP,SEA at LAD,4.5,4.5,0.4854368932038835,0.5454545454545454,(+106),(-120),2021-05-12
251,Charlie Morton,ATL,SP,TOR at ATL,5.5,6.5,0.6168582375478927,0.576271186440678,(-161),(-136),2021-05-13
252,Ross Stripling,OAK,"SP,RP",TOR at ATL,4.5,4.5,0.45045045045045046,0.609375,(+122),(-156),2021-05-13
253,Patrick Corbin,WSH,SP,PHI at WSH,5.5,5.5,0.49019607843137253,0.5555555555555556,(+104),(-125),2021-05-13
254,Zach Eflin,TB,SP,PHI at WSH,4.5,5.5,0.6168582375478927,0.609375,(-161),(-156),2021-05-13
255,Daniel Lynch,KC,SP,KC at DET,4.5,4.5,0.42735042735042733,0.6323529411764706,(+134),(-172),2021-05-13
256,Spencer Turnbull,FA,SP,KC at DET,4.5,5.5,0.5983935742971888,0.6721311475409836,(-149),(-205),2021-05-13
257,Jack Flaherty,DET,SP,STL at MIL,6.5,7.5,0.5454545454545454,0.5798319327731093,(-120),(-138),2021-05-13
258,Corbin Burnes,BAL,SP,STL at MIL,8.5,9.5,0.6062992125984252,0.6062992125984252,(-154),(-154),2021-05-13
259,Michael Pineda,FA,SP,MIN at CWS,4.5,5.5,0.6031746031746031,0.5708154506437768,(-152),(-133),2021-05-13
260,Lance Lynn,STL,SP,MIN at CWS,6.5,6.5,0.5454545454545454,0.5238095238095238,(-120),(-110),2021-05-13
261,Anthony Desclafani,MIN,SP,SF at PIT,4.5,4.5,0.5348837209302325,0.5192307692307693,(-115),(-108),2021-05-13
262,William Crowe,FA,RP,SF at PIT,4.5,4.5,0.38461538461538464,0.6774193548387096,(+160),(-210),2021-05-13
263,Garrett Richards,FA,RP,OAK at BOS,5.5,5.5,0.47619047619047616,0.5454545454545454,(+110),(-120),2021-05-13
264,Sean Manaea,NYM,"SP,RP",OAK at BOS,5.5,5.5,0.4878048780487805,0.5370370370370371,(+105),(-116),2021-05-13
265,Rich Hill,FA,"RP,SP",NYY at TB,5.5,5.5,0.4807692307692308,0.5454545454545454,(+108),(-120),2021-05-13
266,Jameson Taillon,CHC,SP,NYY at TB,5.5,6.5,0.5412844036697247,0.6268656716417911,(-118),(-168),2021-05-13
267,Cristian Javier,HOU,SP,TEX at HOU,6.5,7.5,0.5555555555555556,0.5967741935483871,(-125),(-148),2021-05-13
268,Michael Foltynewicz,FA,SP,TEX at HOU,4.5,4.5,0.46511627906976744,0.5689655172413793,(+115),(-132),2021-05-13
269,Luis Castillo,SEA,SP,CIN at COL,5.5,5.5,0.46511627906976744,0.5614035087719298,(+115),(-128),2021-05-13
270,Merrill Kelly,ARI,SP,MIA at ARI,5.5,5.5,0.4854368932038835,0.5260663507109005,(+106),(-111),2021-05-13
271,Trevor Rogers,MIA,SP,MIA at ARI,6.5,7.5,0.5983935742971888,0.609375,(-149),(-156),2021-05-13
272,Zach Plesac,LAA,SP,CLE at SEA,5.5,6.5,0.5815899581589958,0.5833333333333334,(-139),(-140),2021-05-13
273,Dylan Cease,CWS,SP,KC at CWS,4.5,4.5,0.6062992125984252,0.46511627906976744,(-154),(+115),2021-05-14
274,Lucas Giolito,BOS,SP,KC at CWS,7.5,7.5,0.4878048780487805,0.588477366255144,(+105),(-143),2021-05-14
275,Brad Keller,FA,"SP,RP",KC at CWS,4.5,4.5,0.4878048780487805,0.5815899581589958,(+105),(-139),2021-05-14
276,Tyler Anderson,LAA,SP,SF at PIT,4.5,4.5,0.6168582375478927,0.45454545454545453,(-161),(+120),2021-05-14
277,Kevin Gausman,TOR,SP,SF at PIT,6.5,6.5,0.45454545454545453,0.5555555555555556,(+120),(-125),2021-05-14
278,Corey Kluber,FA,"RP,SP",NYY at BAL,5.5,5.5,0.5370370370370371,0.4878048780487805,(-116),(+105),2021-05-14
279,Dean Kremer,BAL,SP,NYY at BAL,4.5,5.5,0.5614035087719298,0.6240601503759399,(-128),(-166),2021-05-14
280,Tarik Skubal,DET,SP,CHC at DET,4.5,5.5,0.6168582375478927,0.6721311475409836,(-161),(-205),2021-05-14
281,Jake Arrieta,FA,SP,CHC at DET,4.5,4.5,0.5283018867924528,0.5283018867924528,(-112),(-112),2021-05-14
282,David Peterson,NYM,"SP,RP",NYM at TB,5.5,5.5,0.5575221238938053,0.46511627906976744,(-126),(+115),2021-05-14
283,Tyler Glasnow,LAD,SP,NYM at TB,8.5,9.5,0.5121951219512195,0.635036496350365,(-105),(-174),2021-05-14
284,Griffin Canning,LAA,SP,LAA at BOS,5.5,5.5,0.504950495049505,0.5,(-102),(EVEN),2021-05-14
285,Nick Pivetta,BOS,"SP,RP",LAA at BOS,4.5,5.5,0.5238095238095238,0.6376811594202898,(-110),(-176),2021-05-14
286,Steven Matz,STL,"SP,RP",PHI at TOR,5.5,5.5,0.4444444444444444,0.609375,(+125),(-156),2021-05-14
287,Vincent Velasquez,FA,"SP,RP",PHI at TOR,5.5,5.5,0.4444444444444444,0.6254681647940075,(+125),(-167),2021-05-14
288,Frankie Montas,CIN,"SP,RP",OAK at MIN,4.5,5.5,0.6168582375478927,0.6031746031746031,(-161),(-152),2021-05-14
289,Adrian Houser,NYM,SP,ATL at MIL,4.5,4.5,0.47619047619047616,0.5833333333333334,(+110),(-140),2021-05-14
290,Drew Smyly,CHC,"SP,RP",ATL at MIL,5.5,6.5,0.588477366255144,0.6212121212121212,(-143),(-164),2021-05-14
291,Zack Greinke,FA,SP,TEX at HOU,5.5,5.5,0.45454545454545453,0.6,(+120),(-150),2021-05-14
292,German Marquez,COL,SP,CIN at COL,5.5,5.5,0.47619047619047616,0.5798319327731093,(+110),(-138),2021-05-14
293,Wade Miley,MIL,SP,CIN at COL,4.5,4.5,0.43478260869565216,0.609375,(+130),(-156),2021-05-14
294,Max Scherzer,TEX,SP,WSH at ARI,8.5,8.5,0.5,0.5238095238095238,(EVEN),(-110),2021-05-14
295,Aaron Civale,TB,SP,CLE at SEA,5.5,5.5,0.4854368932038835,0.5708154506437768,(+106),(-133),2021-05-14
296,Chris Flexen,CWS,"SP,RP",CLE at SEA,3.5,4.5,0.6168582375478927,0.5901639344262295,(-161),(-144),2021-05-14
297,Joe Musgrove,SD,SP,STL at SD,7.5,7.5,0.5575221238938053,0.4878048780487805,(-126),(+105),2021-05-14
298,Johan Oviedo,PIT,SP,STL at SD,4.5,4.5,0.45871559633027525,0.6,(+118),(-150),2021-05-14
299,Sandy Alcantara,MIA,SP,MIA at LAD,5.5,5.5,0.46296296296296297,0.5614035087719298,(+116),(-128),2021-05-14
300,Clayton Kershaw,LAD,SP,MIA at LAD,6.5,7.5,0.5967741935483871,0.6168582375478927,(-148),(-161),2021-05-14
301,Shane Mcclanahan,TB,SP,NYM at TB,5.5,5.5,0.504950495049505,0.5575221238938053,(-102),(-126),2021-05-15
302,Cole Irvin,BAL,"SP,RP",OAK at MIN,4.5,5.5,0.5121951219512195,0.6453900709219859,(-105),(-182),2021-05-15
303,Jose Berrios,TOR,SP,OAK at MIN,6.5,6.5,0.5192307692307693,0.5412844036697247,(-108),(-118),2021-05-15
304,Dylan Bundy,FA,SP,LAA at BOS,5.5,5.5,0.5348837209302325,0.5,(-115),(EVEN),2021-05-15
305,Martin Perez,PIT,"SP,RP",LAA at BOS,4.5,4.5,0.45454545454545453,0.6031746031746031,(+120),(-152),2021-05-15
306,Trevor Williams,WSH,SP,CHC at DET,4.5,5.5,0.4878048780487805,0.6551724137931034,(+105),(-190),2021-05-15
307,Jose Urena,TEX,SP,CHC at DET,3.5,4.5,0.5614035087719298,0.6621621621621622,(-128),(-196),2021-05-15
308,Tyler Anderson,LAA,SP,SF at PIT,4.5,5.5,0.6062992125984252,0.6453900709219859,(-154),(-182),2021-05-15
309,Johnny Cueto,FA,SP,SF at PIT,4.5,4.5,0.5,0.5614035087719298,(EVEN),(-128),2021-05-15
310,Domingo German,FA,SP,NYY at BAL,5.5,5.5,0.5192307692307693,0.5412844036697247,(-108),(-118),2021-05-15
311,Jorge Lopez,NYM,RP,NYY at BAL,4.5,4.5,0.45454545454545453,0.576271186440678,(+120),(-136),2021-05-15
312,Dane Dunning,TEX,"SP,RP",TEX at HOU,4.5,4.5,0.36231884057971014,0.696969696969697,(+176),(-230),2021-05-15
313,Luis Garcia P,HOU,SP,TEX at HOU,6.5,6.5,0.43478260869565216,0.6240601503759399,(+130),(-166),2021-05-15
314,Ian Anderson,ATL,SP,ATL at MIL,6.5,6.5,0.5495495495495496,0.5098039215686274,(-122),(-104),2021-05-15
315,Carlos Rodon,NYY,SP,KC at CWS,6.5,7.5,0.5454545454545454,0.5798319327731093,(-120),(-138),2021-05-15
316,Mike Minor,FA,SP,KC at CWS,5.5,6.5,0.588477366255144,0.5614035087719298,(-143),(-128),2021-05-15
317,Aaron Nola,PHI,SP,PHI at TOR,6.5,6.5,0.45454545454545453,0.5689655172413793,(+120),(-132),2021-05-15
318,Tyler Mahle,TEX,SP,CIN at COL,5.5,5.5,0.49504950495049505,0.5614035087719298,(+102),(-128),2021-05-15
319,Jhoulys Chacin,FA,RP,CIN at COL,3.5,3.5,0.5,0.5614035087719298,(EVEN),(-128),2021-05-15
320,Chris Paddack,MIN,"SP,RP",STL at SD,5.5,5.5,0.5283018867924528,0.5121951219512195,(-112),(-105),2021-05-15
321,Adam Wainwright,FA,SP,STL at SD,5.5,5.5,0.47619047619047616,0.5726495726495726,(+110),(-134),2021-05-15
322,Trevor Bauer,FA,SP,MIA at LAD,8.5,8.5,0.4878048780487805,0.5370370370370371,(+105),(-116),2021-05-15
323,Justus Sheffield,FA,"RP,SP",CLE at SEA,4.5,4.5,0.5121951219512195,0.5454545454545454,(-105),(-120),2021-05-15
324,Triston Mckenzie P,CLE,SP,CLE at SEA,5.5,6.5,0.5815899581589958,0.6323529411764706,(-139),(-172),2021-05-15
325,Alex Wood,OAK,"RP,SP",SF at PIT,5.5,5.5,0.46511627906976744,0.5934959349593496,(+115),(-146),2021-05-16
326,Mitch Keller,PIT,SP,SF at PIT,4.5,5.5,0.5412844036697247,0.6453900709219859,(-118),(-182),2021-05-16
327,Jordan Montgomery,FA,SP,NYY at BAL,4.5,5.5,0.6168582375478927,0.6428571428571429,(-161),(-180),2021-05-16
328,Robbie Ray,SF,SP,PHI at TOR,7.5,8.5,0.5121951219512195,0.6825396825396826,(-105),(-215),2021-05-16
329,Marcus Stroman,NYY,SP,NYM at TB,5.5,5.5,0.4854368932038835,0.5121951219512195,(+106),(-105),2021-05-16
330,Kyle Hendricks,CHC,SP,CHC at DET,5.5,5.5,0.4672897196261682,0.5934959349593496,(+114),(-146),2021-05-16
331,Matt Boyd,FA,"RP,SP",CHC at DET,6.5,6.5,0.4065040650406504,0.6503496503496503,(+146),(-186),2021-05-16
332,Nathan Eovaldi,TEX,SP,LAA at BOS,5.5,5.5,0.43478260869565216,0.6062992125984252,(+130),(-154),2021-05-16
333,Jose Quintana,NYM,SP,LAA at BOS,4.5,5.5,0.5983935742971888,0.5798319327731093,(-149),(-138),2021-05-16
334,Chris Bassitt,TOR,SP,OAK at MIN,4.5,5.5,0.6168582375478927,0.6212121212121212,(-161),(-164),2021-05-16
335,Kenta Maeda,DET,SP,OAK at MIN,6.5,6.5,0.44642857142857145,0.5983935742971888,(+124),(-149),2021-05-16
336,Lance Mccullers,HOU,SP,TEX at HOU,7.5,8.5,0.5983935742971888,0.6376811594202898,(-149),(-176),2021-05-16
337,Kyle Gibson,STL,SP,TEX at HOU,4.5,5.5,0.588477366255144,0.696969696969697,(-143),(-230),2021-05-16
338,Dylan Cease,CWS,SP,KC at CWS,5.5,5.5,0.5614035087719298,0.47619047619047616,(-128),(+110),2021-05-16
339,Brady Singer,KC,SP,KC at CWS,5.5,5.5,0.42016806722689076,0.5614035087719298,(+138),(-128),2021-05-16
340,Freddy Peralta,MIL,SP,ATL at MIL,7.5,7.5,0.5,0.5708154506437768,(EVEN),(-133),2021-05-16
341,Huascar Ynoa,ATL,SP,ATL at MIL,5.5,5.5,0.47619047619047616,0.5555555555555556,(+110),(-125),2021-05-16
342,Antonio Senzatela,COL,SP,CIN at COL,3.5,4.5,0.47619047619047616,0.6875,(+110),(-220),2021-05-16
343,Jeff Hoffman,PHI,RP,CIN at COL,3.5,4.5,0.588477366255144,0.5833333333333334,(-143),(-140),2021-05-16
344,Shane Bieber,CLE,SP,CLE at SEA,9.5,9.5,0.5798319327731093,0.4807692307692308,(-138),(+108),2021-05-16
345,Pablo Lopez,MIN,SP,MIA at LAD,5.5,5.5,0.4878048780487805,0.5652173913043478,(+105),(-130),2021-05-16
346,Erick Fedde,CWS,SP,WSH at ARI,3.5,4.5,0.588477366255144,0.5901639344262295,(-143),(-144),2021-05-16
347,Luke Weaver,NYY,SP,WSH at ARI,5.5,5.5,0.46511627906976744,0.5934959349593496,(+115),(-146),2021-05-16
348,Kwang Hyun Kim,FA,"SP,RP",STL at SD,4.5,4.5,0.5145631067961165,0.5348837209302325,(-106),(-115),2021-05-16
349,Ryan Weathers,MIA,SP,STL at SD,4.5,4.5,0.45454545454545453,0.6031746031746031,(+120),(-152),2021-05-16
350,Logan Webb,SF,SP,SF at CIN,4.5,5.5,0.5983935742971888,0.5934959349593496,(-149),(-146),2021-05-17
351,Sonny Gray,STL,SP,SF at CIN,6.5,7.5,0.5708154506437768,0.6031746031746031,(-133),(-152),2021-05-17
352,Max Fried,ATL,SP,NYM at ATL,5.5,5.5,0.5,0.5495495495495496,(EVEN),(-122),2021-05-17
353,Taijuan Walker,PHI,SP,NYM at ATL,5.5,5.5,0.46296296296296297,0.5614035087719298,(+116),(-128),2021-05-17
354,Adbert Alzolay,CHC,RP,WSH at CHC,6.5,6.5,0.46296296296296297,0.588477366255144,(+116),(-143),2021-05-17
355,Jon Lester,FA,SP,WSH at CHC,4.5,4.5,0.45454545454545453,0.5983935742971888,(+120),(-149),2021-05-17
356,Ja Happ,FA,SP,CWS at MIN,3.5,4.5,0.6168582375478927,0.6575342465753424,(-161),(-192),2021-05-17
357,Dallas Keuchel,FA,SP,CWS at MIN,3.5,3.5,0.4854368932038835,0.5726495726495726,(+106),(-134),2021-05-17
358,Jordan Lyles,KC,SP,NYY at TEX,5.5,5.5,0.42735042735042733,0.6168582375478927,(+134),(-161),2021-05-17
359,Gerrit Cole,NYY,SP,NYY at TEX,9.5,10.5,0.5614035087719298,0.6240601503759399,(-128),(-166),2021-05-17
360,Sam Hentges,CLE,RP,CLE at LAA,4.5,4.5,0.45045045045045046,0.6062992125984252,(+122),(-154),2021-05-17
361,Jonathan Gray,TEX,SP,COL at SD,4.5,5.5,0.6254681647940075,0.6,(-167),(-150),2021-05-17
362,Yu Darvish,SD,SP,COL at SD,8.5,9.5,0.46511627906976744,0.6621621621621622,(+115),(-196),2021-05-17
363,Walker Buehler,LAD,SP,ARI at LAD,7.5,7.5,0.5,0.5614035087719298,(EVEN),(-128),2021-05-17
364,Madison Bumgarner,FA,SP,ARI at LAD,6.5,6.5,0.423728813559322,0.6168582375478927,(+136),(-161),2021-05-17
365,Casey Mize,DET,SP,DET at SEA,4.5,4.5,0.5192307692307693,0.5260663507109005,(-108),(-111),2021-05-17
366,Yusei Kikuchi,TOR,SP,DET at SEA,7.5,7.5,0.45454545454545453,0.5454545454545454,(+120),(-120),2021-05-17
367,Luis Castillo,SEA,SP,SF at CIN,5.5,6.5,0.6168582375478927,0.6062992125984252,(-161),(-154),2021-05-18
368,Anthony Desclafani,MIN,SP,SF at CIN,4.5,5.5,0.588477366255144,0.6,(-143),(-150),2021-05-18
369,Zack Wheeler,PHI,SP,MIA at PHI,6.5,7.5,0.5614035087719298,0.5614035087719298,(-128),(-128),2021-05-18
370,Luis Patino,SD,RP,TB at BAL,4.5,4.5,0.49504950495049505,0.5614035087719298,(+102),(-128),2021-05-18
371,Hyun Jin Ryu,FA,SP,BOS at TOR,5.5,5.5,0.44642857142857145,0.6124031007751938,(+124),(-158),2021-05-18
372,Eduardo Rodriguez,ARI,SP,BOS at TOR,5.5,6.5,0.5614035087719298,0.7014925373134329,(-128),(-235),2021-05-18
373,Michael Pineda,FA,SP,CWS at MIN,5.5,5.5,0.43103448275862066,0.5983935742971888,(+132),(-149),2021-05-18
374,Lance Lynn,STL,SP,CWS at MIN,6.5,7.5,0.5348837209302325,0.6428571428571429,(-115),(-180),2021-05-18
375,Zach Davies,FA,SP,WSH at CHC,3.5,4.5,0.45454545454545453,0.7014925373134329,(+120),(-235),2021-05-18
376,Patrick Corbin,WSH,SP,WSH at CHC,5.5,6.5,0.5238095238095238,0.6774193548387096,(-110),(-210),2021-05-18
377,Jonathan Brubaker,PIT,SP,PIT at STL,4.5,5.5,0.5983935742971888,0.5934959349593496,(-149),(-146),2021-05-18
378,John Gant,FA,"SP,RP",PIT at STL,4.5,5.5,0.5412844036697247,0.6721311475409836,(-118),(-205),2021-05-18
379,Jameson Taillon,CHC,SP,NYY at TEX,6.5,6.5,0.504950495049505,0.5260663507109005,(-102),(-111),2021-05-18
380,Michael Foltynewicz,FA,SP,NYY at TEX,5.5,5.5,0.49019607843137253,0.5689655172413793,(+104),(-132),2021-05-18
381,Brandon Woodruff,FA,SP,MIL at KC,6.5,6.5,0.5098039215686274,0.5,(-104),(EVEN),2021-05-18
382,Kris Bubic,KC,SP,MIL at KC,4.5,4.5,0.4166666666666667,0.6428571428571429,(+140),(-180),2021-05-18
383,Zach Plesac,LAA,SP,CLE at LAA,5.5,6.5,0.47619047619047616,0.6453900709219859,(+110),(-182),2021-05-18
384,Andrew Heaney,TEX,"SP,RP",CLE at LAA,6.5,6.5,0.47619047619047616,0.5833333333333334,(+110),(-140),2021-05-18
385,Cristian Javier,HOU,SP,HOU at OAK,5.5,6.5,0.635036496350365,0.6062992125984252,(-174),(-154),2021-05-18
386,Sean Manaea,NYM,"SP,RP",HOU at OAK,4.5,4.5,0.4807692307692308,0.5798319327731093,(+108),(-138),2021-05-18
387,Julio Urias,FA,SP,ARI at LAD,6.5,7.5,0.6062992125984252,0.5798319327731093,(-154),(-138),2021-05-18
388,Spencer Turnbull,FA,SP,DET at SEA,5.5,5.5,0.5,0.5495495495495496,(EVEN),(-122),2021-05-18
389,Justin Dunn,FA,SP,DET at SEA,5.5,5.5,0.45454545454545453,0.576271186440678,(+120),(-136),2021-05-18
390,Austin Gomber,COL,SP,COL at SD,5.5,5.5,0.4444444444444444,0.5967741935483871,(+125),(-148),2021-05-18
391,Blake Snell,FA,SP,COL at SD,7.5,7.5,0.5121951219512195,0.5454545454545454,(-105),(-120),2021-05-18
392,Lucas Giolito,BOS,SP,CWS at MIN,6.5,6.5,0.46511627906976744,0.5689655172413793,(+115),(-132),2021-05-19
393,Joe Musgrove,SD,SP,COL at SD,7.5,7.5,0.46511627906976744,0.5798319327731093,(+115),(-138),2021-05-19
394,Chi Chi Gonzalez,FA,"RP,SP",COL at SD,3.5,3.5,0.43859649122807015,0.4878048780487805,(+128),(+105),2021-05-19
395,Kevin Gausman,TOR,SP,SF at CIN,6.5,6.5,0.5,0.5098039215686274,(EVEN),(-104),2021-05-19
396,Wade Miley,MIL,SP,SF at CIN,4.5,5.5,0.5454545454545454,0.6323529411764706,(-120),(-172),2021-05-19
397,John Means,BAL,SP,TB at BAL,7.5,7.5,0.5370370370370371,0.5238095238095238,(-116),(-110),2021-05-19
398,Zach Eflin,TB,SP,MIA at PHI,6.5,6.5,0.4807692307692308,0.576271186440678,(+108),(-136),2021-05-19
399,Trevor Rogers,MIA,SP,MIA at PHI,6.5,7.5,0.5833333333333334,0.6062992125984252,(-140),(-154),2021-05-19
400,Charlie Morton,ATL,SP,NYM at ATL,6.5,7.5,0.5412844036697247,0.6240601503759399,(-118),(-166),2021-05-19
401,David Peterson,NYM,"SP,RP",NYM at ATL,5.5,5.5,0.5238095238095238,0.5370370370370371,(-110),(-116),2021-05-19
402,Ross Stripling,OAK,"SP,RP",BOS at TOR,3.5,3.5,0.5,0.4444444444444444,(EVEN),(+125),2021-05-19
403,Garrett Richards,FA,RP,BOS at TOR,4.5,4.5,0.5535714285714286,0.504950495049505,(-124),(-102),2021-05-19
404,Jake Arrieta,FA,SP,WSH at CHC,3.5,4.5,0.6168582375478927,0.5798319327731093,(-161),(-138),2021-05-19
405,Max Scherzer,TEX,SP,WSH at CHC,8.5,9.5,0.5348837209302325,0.635036496350365,(-115),(-174),2021-05-19
406,Trevor Cahill,FA,SP,PIT at STL,3.5,4.5,0.6168582375478927,0.6428571428571429,(-161),(-180),2021-05-19
407,Jack Flaherty,DET,SP,PIT at STL,6.5,6.5,0.6062992125984252,0.44642857142857145,(-154),(+124),2021-05-19
408,Corey Kluber,FA,"RP,SP",NYY at TEX,6.5,6.5,0.4807692307692308,0.5260663507109005,(+108),(-111),2021-05-19
409,Aaron Civale,TB,SP,CLE at LAA,4.5,5.5,0.5348837209302325,0.6268656716417911,(-115),(-168),2021-05-19
410,Shohei Ohtani,LAD,"DH,SP",CLE at LAA,6.5,7.5,0.5708154506437768,0.609375,(-133),(-156),2021-05-19
411,Brad Keller,FA,"SP,RP",MIL at KC,3.5,4.5,0.6062992125984252,0.6621621621621622,(-154),(-196),2021-05-19
412,Corbin Burnes,BAL,SP,MIL at KC,8.5,8.5,0.46511627906976744,0.5689655172413793,(+115),(-132),2021-05-19
413,Zack Greinke,FA,SP,HOU at OAK,4.5,5.5,0.5614035087719298,0.5798319327731093,(-128),(-138),2021-05-19
414,Frankie Montas,CIN,"SP,RP",HOU at OAK,4.5,5.5,0.5454545454545454,0.6621621621621622,(-120),(-196),2021-05-19
415,Clayton Kershaw,LAD,SP,ARI at LAD,7.5,7.5,0.5,0.5412844036697247,(EVEN),(-118),2021-05-19
416,Logan Gilbert,SEA,SP,DET at SEA,5.5,5.5,0.45454545454545453,0.6031746031746031,(+120),(-152),2021-05-19
417,Tarik Skubal,DET,SP,DET at SEA,6.5,6.5,0.4032258064516129,0.6551724137931034,(+148),(-190),2021-05-19
418,Dean Kremer,BAL,SP,TB at BAL,4.5,4.5,0.5689655172413793,0.47619047619047616,(-132),(+110),2021-05-20
419,Rich Hill,FA,"RP,SP",TB at BAL,4.5,5.5,0.576271186440678,0.5815899581589958,(-136),(-139),2021-05-20
420,Johnny Cueto,FA,SP,SF at CIN,4.5,4.5,0.5192307692307693,0.5412844036697247,(-108),(-118),2021-05-20
421,Tyler Mahle,TEX,SP,SF at CIN,6.5,7.5,0.6062992125984252,0.588477366255144,(-154),(-143),2021-05-20
422,Domingo German,FA,SP,NYY at TEX,5.5,6.5,0.5689655172413793,0.5983935742971888,(-132),(-149),2021-05-20
423,Dane Dunning,TEX,"SP,RP",NYY at TEX,5.5,5.5,0.46511627906976744,0.5934959349593496,(+115),(-146),2021-05-20
424,Trevor Williams,WSH,SP,WSH at CHC,4.5,4.5,0.5192307692307693,0.5412844036697247,(-108),(-118),2021-05-20
425,Luis Garcia P,HOU,SP,HOU at OAK,5.5,5.5,0.5495495495495496,0.5121951219512195,(-122),(-105),2021-05-20
426,Cole Irvin,BAL,"SP,RP",HOU at OAK,3.5,3.5,0.5348837209302325,0.5145631067961165,(-115),(-106),2021-05-20
427,Jose Quintana,NYM,SP,MIN at LAA,4.5,5.5,0.5555555555555556,0.6503496503496503,(-125),(-186),2021-05-20
428,Sandy Alcantara,MIA,SP,MIA at PHI,6.5,6.5,0.45045045045045046,0.574468085106383,(+122),(-135),2021-05-20
429,Vincent Velasquez,FA,"SP,RP",MIA at PHI,6.5,6.5,0.4878048780487805,0.5283018867924528,(+105),(-112),2021-05-20
430,Drew Smyly,CHC,"SP,RP",PIT at ATL,5.5,5.5,0.5652173913043478,0.4878048780487805,(-130),(+105),2021-05-20
431,William Crowe,FA,RP,PIT at ATL,3.5,3.5,0.5555555555555556,0.4807692307692308,(-125),(+108),2021-05-20
432,Steven Matz,STL,"SP,RP",BOS at TOR,5.5,5.5,0.4424778761061947,0.5555555555555556,(+126),(-125),2021-05-20
433,Nick Pivetta,BOS,"SP,RP",BOS at TOR,4.5,5.5,0.5708154506437768,0.6428571428571429,(-133),(-180),2021-05-20
434,Merrill Kelly,ARI,SP,ARI at LAD,4.5,4.5,0.45871559633027525,0.5983935742971888,(+118),(-149),2021-05-20
435,Aaron Nola,PHI,SP,BOS at PHI,7.5,7.5,0.5,0.5495495495495496,(EVEN),(-122),2021-05-21
436,Martin Perez,PIT,"SP,RP",BOS at PHI,4.5,4.5,0.5495495495495496,0.4878048780487805,(-122),(+105),2021-05-21
437,Jordan Montgomery,FA,SP,CWS at NYY,5.5,5.5,0.43478260869565216,0.6062992125984252,(+130),(-154),2021-05-21
438,Carlos Rodon,NYY,SP,CWS at NYY,6.5,7.5,0.5454545454545454,0.6268656716417911,(-120),(-168),2021-05-21
439,Jorge Lopez,NYM,RP,BAL at WSH,3.5,4.5,0.5815899581589958,0.696969696969697,(-139),(-230),2021-05-21
440,Stephen Strasburg,WSH,SP,BAL at WSH,6.5,6.5,0.46511627906976744,0.5652173913043478,(+115),(-130),2021-05-21
441,Marcus Stroman,NYY,SP,NYM at MIA,5.5,5.5,0.47619047619047616,0.5370370370370371,(+110),(-116),2021-05-21
442,Triston Mckenzie P,CLE,SP,MIN at CLE,5.5,6.5,0.5192307692307693,0.6062992125984252,(-108),(-154),2021-05-21
443,Adrian Houser,NYM,SP,MIL at CIN,3.5,4.5,0.6168582375478927,0.5652173913043478,(-161),(-130),2021-05-21
444,Jeff Hoffman,PHI,RP,MIL at CIN,4.5,4.5,0.5454545454545454,0.5098039215686274,(-120),(-104),2021-05-21
445,Ian Anderson,ATL,SP,PIT at ATL,5.5,7.5,0.6168582375478927,0.6721311475409836,(-161),(-205),2021-05-21
446,Tyler Anderson,LAA,SP,PIT at ATL,5.5,5.5,0.5370370370370371,0.5121951219512195,(-116),(-105),2021-05-21
447,Tyler Glasnow,LAD,SP,TB at TOR,7.5,8.5,0.5983935742971888,0.6212121212121212,(-149),(-164),2021-05-21
448,Kyle Gibson,STL,SP,HOU at TEX,4.5,4.5,0.43859649122807015,0.6062992125984252,(+128),(-154),2021-05-21
449,Mike Minor,FA,SP,DET at KC,6.5,6.5,0.5,0.5614035087719298,(EVEN),(-128),2021-05-21
450,Jose Urena,TEX,SP,DET at KC,3.5,4.5,0.5238095238095238,0.6825396825396826,(-110),(-215),2021-05-21
451,Carlos Martinez,FA,SP,CHC at STL,4.5,4.5,0.4716981132075472,0.5867768595041323,(+112),(-142),2021-05-21
452,Kyle Hendricks,CHC,SP,CHC at STL,4.5,4.5,0.46511627906976744,0.5614035087719298,(+115),(-128),2021-05-21
453,Seth Frankoff,FA,SP,ARI at COL,4.5,4.5,0.38461538461538464,0.6774193548387096,(+160),(-210),2021-05-21
454,German Marquez,COL,SP,ARI at COL,4.5,4.5,0.5495495495495496,0.46511627906976744,(-122),(+115),2021-05-21
455,Jose Quintana,NYM,SP,OAK at LAA,5.5,5.5,0.4878048780487805,0.5495495495495496,(+105),(-122),2021-05-21
456,Trevor Bauer,FA,SP,LAD at SF,8.5,8.5,0.47619047619047616,0.576271186440678,(+110),(-136),2021-05-21
457,Alex Wood,OAK,"RP,SP",LAD at SF,5.5,5.5,0.5121951219512195,0.5370370370370371,(-105),(-116),2021-05-21
458,Chris Paddack,MIN,"SP,RP",SEA at SD,5.5,6.5,0.5412844036697247,0.6575342465753424,(-118),(-192),2021-05-21
459,Chris Flexen,CWS,"SP,RP",SEA at SD,3.5,3.5,0.5121951219512195,0.5454545454545454,(-105),(-120),2021-05-21
460,Gerrit Cole,NYY,SP,CWS at NYY,9.5,9.5,0.5238095238095238,0.5192307692307693,(-110),(-108),2021-05-22
461,Dylan Cease,CWS,SP,CWS at NYY,5.5,5.5,0.5283018867924528,0.5121951219512195,(-112),(-105),2021-05-22
462,Madison Bumgarner,FA,SP,ARI at COL,5.5,5.5,0.46511627906976744,0.5833333333333334,(+115),(-140),2021-05-22
463,Antonio Senzatela,COL,SP,ARI at COL,3.5,3.5,0.5121951219512195,0.5614035087719298,(-105),(-128),2021-05-22
464,Lance Mccullers,HOU,SP,HOU at TEX,6.5,6.5,0.576271186440678,0.4807692307692308,(-136),(+108),2021-05-22
465,Jordan Lyles,KC,SP,HOU at TEX,3.5,3.5,0.5867768595041323,0.45454545454545453,(-142),(+120),2021-05-22
466,Jon Lester,FA,SP,BAL at WSH,4.5,4.5,0.47619047619047616,0.5454545454545454,(+110),(-120),2021-05-22
467,Matt Boyd,FA,"RP,SP",DET at KC,4.5,5.5,0.5412844036697247,0.5652173913043478,(-118),(-130),2021-05-22
468,Brady Singer,KC,SP,DET at KC,5.5,5.5,0.5283018867924528,0.47619047619047616,(-112),(+110),2021-05-22
469,Pablo Lopez,MIN,SP,NYM at MIA,5.5,5.5,0.5815899581589958,0.4878048780487805,(-139),(+105),2021-05-22
470,Shane Bieber,CLE,SP,MIN at CLE,8.5,8.5,0.5121951219512195,0.4807692307692308,(-105),(+108),2021-05-22
471,Kenta Maeda,DET,SP,MIN at CLE,5.5,5.5,0.45454545454545453,0.5575221238938053,(+120),(-126),2021-05-22
472,Sonny Gray,STL,SP,MIL at CIN,6.5,7.5,0.5983935742971888,0.576271186440678,(-149),(-136),2021-05-22
473,Brett Anderson,FA,SP,MIL at CIN,3.5,3.5,0.5121951219512195,0.5283018867924528,(-105),(-112),2021-05-22
474,Mitch Keller,PIT,SP,PIT at ATL,3.5,4.5,0.5726495726495726,0.5,(-134),(EVEN),2021-05-22
475,Adbert Alzolay,CHC,RP,CHC at STL,5.5,5.5,0.504950495049505,0.5348837209302325,(-102),(-115),2021-05-22
476,Miles Mikolas,STL,SP,CHC at STL,4.5,4.5,0.5,0.5412844036697247,(EVEN),(-118),2021-05-22
477,Walker Buehler,LAD,SP,LAD at SF,6.5,7.5,0.588477366255144,0.576271186440678,(-143),(-136),2021-05-22
478,Nathan Eovaldi,TEX,SP,BOS at PHI,6.5,6.5,0.43478260869565216,0.6062992125984252,(+130),(-154),2021-05-22
479,Shane Mcclanahan,TB,SP,TB at TOR,5.5,5.5,0.4,0.6575342465753424,(+150),(-192),2021-05-22
480,Robbie Ray,SF,SP,TB at TOR,7.5,7.5,0.5283018867924528,0.5283018867924528,(-112),(-112),2021-05-22
481,Chris Bassitt,TOR,SP,OAK at LAA,5.5,5.5,0.44642857142857145,0.6124031007751938,(+124),(-158),2021-05-22
482,Dallas Keuchel,FA,SP,CWS at NYY,3.5,3.5,0.46296296296296297,0.588477366255144,(+116),(-143),2021-05-23
483,Jameson Taillon,CHC,SP,CWS at NYY,5.5,6.5,0.5815899581589958,0.6666666666666666,(-139),(-200),2021-05-23
484,Patrick Corbin,WSH,SP,BAL at WSH,5.5,5.5,0.47619047619047616,0.5652173913043478,(+110),(-130),2021-05-23
485,Eduardo Rodriguez,ARI,SP,BOS at PHI,5.5,7.5,0.6168582375478927,0.6575342465753424,(-161),(-192),2021-05-23
486,Zack Wheeler,PHI,SP,BOS at PHI,6.5,7.5,0.588477366255144,0.46511627906976744,(-143),(+115),2021-05-23
487,Hyun Jin Ryu,FA,SP,TB at TOR,5.5,6.5,0.5614035087719298,0.6323529411764706,(-128),(-172),2021-05-23
488,Ja Happ,FA,SP,MIN at CLE,3.5,3.5,0.4716981132075472,0.5867768595041323,(+112),(-142),2021-05-23
489,Zach Plesac,LAA,SP,MIN at CLE,5.5,5.5,0.4854368932038835,0.5708154506437768,(+106),(-133),2021-05-23
490,Freddy Peralta,MIL,SP,MIL at CIN,7.5,7.5,0.5,0.5614035087719298,(EVEN),(-128),2021-05-23
491,Luis Castillo,SEA,SP,MIL at CIN,6.5,6.5,0.5,0.5412844036697247,(EVEN),(-118),2021-05-23
492,Jonathan Brubaker,PIT,SP,PIT at ATL,5.5,5.5,0.4716981132075472,0.588477366255144,(+112),(-143),2021-05-23
493,Max Fried,ATL,SP,PIT at ATL,5.5,6.5,0.5260663507109005,0.609375,(-111),(-156),2021-05-23
494,Casey Mize,DET,SP,DET at KC,3.5,4.5,0.5708154506437768,0.6428571428571429,(-133),(-180),2021-05-23
495,Kris Bubic,KC,SP,DET at KC,4.5,5.5,0.6062992125984252,0.6,(-154),(-150),2021-05-23
496,Cristian Javier,HOU,SP,HOU at TEX,5.5,6.5,0.5454545454545454,0.6153846153846154,(-120),(-160),2021-05-23
497,Michael Foltynewicz,FA,SP,HOU at TEX,4.5,4.5,0.5,0.5555555555555556,(EVEN),(-125),2021-05-23
498,Jonathan Gray,TEX,SP,ARI at COL,4.5,4.5,0.4444444444444444,0.6031746031746031,(+125),(-152),2021-05-23
499,Taylor Widener,ATL,RP,ARI at COL,4.5,4.5,0.5098039215686274,0.5495495495495496,(-104),(-122),2021-05-23
500,Julio Urias,FA,SP,LAD at SF,5.5,6.5,0.5983935742971888,0.5967741935483871,(-149),(-148),2021-05-23
501,Anthony Desclafani,MIN,SP,LAD at SF,4.5,4.5,0.47619047619047616,0.5689655172413793,(+110),(-132),2021-05-23
502,Dylan Bundy,FA,SP,OAK at LAA,5.5,6.5,0.6062992125984252,0.5689655172413793,(-154),(-132),2021-05-23
503,Sean Manaea,NYM,"SP,RP",OAK at LAA,4.5,5.5,0.5614035087719298,0.6774193548387096,(-128),(-210),2021-05-23
504,Yu Darvish,SD,SP,SEA at SD,8.5,8.5,0.5,0.5192307692307693,(EVEN),(-108),2021-05-23
505,Justin Dunn,FA,SP,SEA at SD,4.5,4.5,0.5412844036697247,0.5121951219512195,(-118),(-105),2021-05-23
506,Adam Wainwright,FA,SP,CHC at STL,5.5,5.5,0.5,0.5412844036697247,(EVEN),(-118),2021-05-23
507,Zach Davies,FA,SP,CHC at STL,3.5,3.5,0.46511627906976744,0.5614035087719298,(+115),(-128),2021-05-23
508,Ross Stripling,OAK,"SP,RP",TB at TOR,4.5,4.5,0.4444444444444444,0.5833333333333334,(+125),(-140),2021-05-24
509,Zach Eflin,TB,SP,PHI at MIA,5.5,5.5,0.5495495495495496,0.4878048780487805,(-122),(+105),2021-05-24
510,Trevor Rogers,MIA,SP,PHI at MIA,6.5,7.5,0.576271186440678,0.5983935742971888,(-136),(-149),2021-05-24
511,Spencer Turnbull,FA,SP,CLE at DET,4.5,5.5,0.5708154506437768,0.6124031007751938,(-133),(-158),2021-05-24
512,Austin Gomber,COL,SP,COL at NYM,5.5,6.5,0.5,0.6268656716417911,(EVEN),(-168),2021-05-24
513,David Peterson,NYM,"SP,RP",COL at NYM,6.5,6.5,0.45871559633027525,0.6,(+118),(-150),2021-05-24
514,Brandon Woodruff,FA,SP,SD at MIL,6.5,7.5,0.6062992125984252,0.6212121212121212,(-154),(-164),2021-05-24
515,Blake Snell,FA,SP,SD at MIL,6.5,7.5,0.5918367346938775,0.5614035087719298,(-145),(-128),2021-05-24
516,John Means,BAL,SP,BAL at MIN,5.5,6.5,0.5833333333333334,0.5555555555555556,(-140),(-125),2021-05-24
517,Lance Lynn,STL,SP,STL at CWS,6.5,7.5,0.6062992125984252,0.5867768595041323,(-154),(-142),2021-05-24
518,Kwang Hyun Kim,FA,"SP,RP",STL at CWS,4.5,4.5,0.423728813559322,0.635036496350365,(+136),(-174),2021-05-24
519,Yusei Kikuchi,TOR,SP,SEA at OAK,5.5,6.5,0.588477366255144,0.6551724137931034,(-143),(-190),2021-05-24
520,Frankie Montas,CIN,"SP,RP",SEA at OAK,5.5,6.5,0.5348837209302325,0.6,(-115),(-150),2021-05-24
521,Jake Arrieta,FA,SP,CHC at PIT,4.5,4.5,0.504950495049505,0.5575221238938053,(-102),(-126),2021-05-25
522,Sandy Alcantara,MIA,SP,PHI at MIA,6.5,6.5,0.47619047619047616,0.5121951219512195,(+110),(-105),2021-05-25
523,Vincent Velasquez,FA,"SP,RP",PHI at MIA,5.5,6.5,0.5238095238095238,0.5238095238095238,(-110),(-110),2021-05-25
524,Steven Matz,STL,"SP,RP",TOR at NYY,5.5,5.5,0.4672897196261682,0.5260663507109005,(+114),(-111),2021-05-25
525,Corey Kluber,FA,"RP,SP",TOR at NYY,6.5,6.5,0.45454545454545453,0.6,(+120),(-150),2021-05-25
526,Tyler Mahle,TEX,SP,CIN at WSH,5.5,5.5,0.5,0.5495495495495496,(EVEN),(-122),2021-05-25
527,Max Scherzer,TEX,SP,CIN at WSH,8.5,9.5,0.5121951219512195,0.6031746031746031,(-105),(-152),2021-05-25
528,Charlie Morton,ATL,SP,ATL at BOS,5.5,6.5,0.5555555555555556,0.6721311475409836,(-125),(-205),2021-05-25
529,Garrett Richards,FA,RP,ATL at BOS,5.5,5.5,0.3937007874015748,0.6168582375478927,(+154),(-161),2021-05-25
530,Aaron Civale,TB,SP,CLE at DET,5.5,5.5,0.5,0.5614035087719298,(EVEN),(-128),2021-05-25
531,Tarik Skubal,DET,SP,CLE at DET,4.5,5.5,0.5983935742971888,0.635036496350365,(-149),(-174),2021-05-25
532,Jacob Degrom,TEX,SP,COL at NYM,9.5,9.5,0.42016806722689076,0.5454545454545454,(+138),(-120),2021-05-25
533,Brad Keller,FA,"SP,RP",KC at TB,4.5,4.5,0.5098039215686274,0.5495495495495496,(-104),(-122),2021-05-25
534,Rich Hill,FA,"RP,SP",KC at TB,5.5,5.5,0.4716981132075472,0.5867768595041323,(+112),(-142),2021-05-25
535,Jose Berrios,TOR,SP,BAL at MIN,5.5,6.5,0.588477366255144,0.6825396825396826,(-143),(-215),2021-05-25
536,Dean Kremer,BAL,SP,BAL at MIN,3.5,4.5,0.6254681647940075,0.6212121212121212,(-167),(-164),2021-05-25
537,Joe Musgrove,SD,SP,SD at MIL,7.5,7.5,0.4672897196261682,0.5121951219512195,(+114),(-105),2021-05-25
538,Corbin Burnes,BAL,SP,SD at MIL,8.5,9.5,0.49504950495049505,0.6062992125984252,(+102),(-154),2021-05-25
539,Zack Greinke,FA,SP,LAD at HOU,4.5,4.5,0.4854368932038835,0.5726495726495726,(+106),(-134),2021-05-25
540,Clayton Kershaw,LAD,SP,LAD at HOU,5.5,6.5,0.5098039215686274,0.6428571428571429,(-104),(-180),2021-05-25
541,Lucas Giolito,BOS,SP,STL at CWS,6.5,7.5,0.5454545454545454,0.576271186440678,(-120),(-136),2021-05-25
542,Jack Flaherty,DET,SP,STL at CWS,6.5,6.5,0.5454545454545454,0.5145631067961165,(-120),(-106),2021-05-25
543,Andrew Heaney,TEX,"SP,RP",TEX at LAA,6.5,7.5,0.5,0.609375,(EVEN),(-156),2021-05-25
544,Kevin Gausman,TOR,SP,SF at ARI,7.5,7.5,0.4424778761061947,0.6153846153846154,(+126),(-160),2021-05-25
545,Logan Gilbert,SEA,SP,SEA at OAK,4.5,4.5,0.46296296296296297,0.5967741935483871,(+116),(-148),2021-05-25
546,Cole Irvin,BAL,"SP,RP",SEA at OAK,5.5,5.5,0.49504950495049505,0.5614035087719298,(+102),(-128),2021-05-25
547,Michael Pineda,FA,SP,BAL at MIN,5.5,5.5,0.43103448275862066,0.6168582375478927,(+132),(-161),2021-05-26
548,Jorge Lopez,NYM,RP,BAL at MIN,3.5,4.5,0.6062992125984252,0.609375,(-154),(-156),2021-05-26
549,John Gant,FA,"SP,RP",STL at CWS,3.5,4.5,0.5983935742971888,0.6268656716417911,(-149),(-168),2021-05-26
550,Carlos Rodon,NYY,SP,STL at CWS,7.5,7.5,0.49019607843137253,0.5454545454545454,(+104),(-120),2021-05-26
551,Dane Dunning,TEX,"SP,RP",TEX at LAA,4.5,5.5,0.5815899581589958,0.6240601503759399,(-139),(-166),2021-05-26
552,Griffin Canning,LAA,SP,TEX at LAA,5.5,6.5,0.588477366255144,0.6428571428571429,(-143),(-180),2021-05-26
553,Trevor Williams,WSH,SP,CHC at PIT,4.5,4.5,0.46511627906976744,0.5614035087719298,(+115),(-128),2021-05-26
554,William Crowe,FA,RP,CHC at PIT,3.5,4.5,0.6254681647940075,0.5726495726495726,(-167),(-134),2021-05-26
555,Aaron Nola,PHI,SP,PHI at MIA,7.5,7.5,0.5121951219512195,0.5192307692307693,(-105),(-108),2021-05-26
556,Triston Mckenzie P,CLE,SP,CLE at DET,5.5,5.5,0.5412844036697247,0.47619047619047616,(-118),(+110),2021-05-26
557,Jose Urena,TEX,SP,CLE at DET,3.5,3.5,0.46296296296296297,0.588477366255144,(+116),(-143),2021-05-26
558,Tyler Glasnow,LAD,SP,KC at TB,8.5,8.5,0.5,0.5614035087719298,(EVEN),(-128),2021-05-26
559,Mike Minor,FA,SP,KC at TB,6.5,6.5,0.5145631067961165,0.4878048780487805,(-106),(+105),2021-05-26
560,Nick Pivetta,BOS,"SP,RP",ATL at BOS,5.5,5.5,0.4854368932038835,0.5726495726495726,(+106),(-134),2021-05-26
561,Drew Smyly,CHC,"SP,RP",ATL at BOS,5.5,5.5,0.43478260869565216,0.5983935742971888,(+130),(-149),2021-05-26
562,Trevor Bauer,FA,SP,LAD at HOU,7.5,7.5,0.44642857142857145,0.5708154506437768,(+124),(-133),2021-05-26
563,Luis Garcia P,HOU,SP,LAD at HOU,5.5,5.5,0.43859649122807015,0.5815899581589958,(+128),(-139),2021-05-26
564,Chris Paddack,MIN,"SP,RP",SD at MIL,5.5,5.5,0.5370370370370371,0.47619047619047616,(-116),(+110),2021-05-26
565,Johnny Cueto,FA,SP,SF at ARI,4.5,4.5,0.49019607843137253,0.5412844036697247,(+104),(-118),2021-05-26
566,Merrill Kelly,ARI,SP,SF at ARI,5.5,5.5,0.5,0.5495495495495496,(EVEN),(-122),2021-05-26
567,Pablo Lopez,MIN,SP,PHI at MIA,5.5,6.5,0.588477366255144,0.6503496503496503,(-143),(-186),2021-05-27
568,Spencer Howard,SF,"RP,SP",PHI at MIA,5.5,5.5,0.4807692307692308,0.5798319327731093,(+108),(-138),2021-05-27
569,Kyle Hendricks,CHC,SP,CHC at PIT,4.5,5.5,0.5412844036697247,0.6031746031746031,(-118),(-152),2021-05-27
570,Tyler Anderson,LAA,SP,CHC at PIT,5.5,6.5,0.5412844036697247,0.5983935742971888,(-118),(-149),2021-05-27
571,Matt Boyd,FA,"RP,SP",CLE at DET,5.5,5.5,0.49019607843137253,0.5708154506437768,(+104),(-133),2021-05-27
572,Shane Bieber,CLE,SP,CLE at DET,9.5,9.5,0.4878048780487805,0.5495495495495496,(+105),(-122),2021-05-27
573,Adrian Houser,NYM,SP,SD at MIL,4.5,4.5,0.4878048780487805,0.5412844036697247,(+105),(-118),2021-05-27
574,Ryan Weathers,MIA,SP,SD at MIL,3.5,3.5,0.4716981132075472,0.5867768595041323,(+112),(-142),2021-05-27
575,Jeff Hoffman,PHI,RP,CIN at WSH,4.5,4.5,0.46296296296296297,0.5815899581589958,(+116),(-139),2021-05-27
576,Marcus Stroman,NYY,SP,COL at NYM,5.5,5.5,0.46511627906976744,0.5238095238095238,(+115),(-110),2021-05-27
577,German Marquez,COL,SP,COL at NYM,6.5,6.5,0.46511627906976744,0.5412844036697247,(+115),(-118),2021-05-27
578,Shane Mcclanahan,TB,SP,KC at TB,5.5,5.5,0.4424778761061947,0.6153846153846154,(+126),(-160),2021-05-27
579,Brady Singer,KC,SP,KC at TB,6.5,6.5,0.42016806722689076,0.588477366255144,(+138),(-143),2021-05-27
580,Domingo German,FA,SP,TOR at NYY,5.5,5.5,0.45454545454545453,0.6168582375478927,(+120),(-161),2021-05-27
581,Domingo German,FA,SP,TOR at NYY,5.5,5.5,0.45045045045045046,0.609375,(+122),(-156),2021-05-27
582,Stephen Strasburg,WSH,SP,CIN at WSH,5.5,5.5,0.5555555555555556,0.5121951219512195,(-125),(-105),2021-05-27
583,Sonny Gray,STL,SP,CIN at WSH,4.5,4.5,0.5983935742971888,0.47619047619047616,(-149),(+110),2021-05-27
584,Dylan Cease,CWS,SP,BAL at CWS,6.5,6.5,0.43478260869565216,0.588477366255144,(+130),(-143),2021-05-27
585,Bruce Zimmerman,BAL,RP,BAL at CWS,3.5,4.5,0.5983935742971888,0.6774193548387096,(-149),(-210),2021-05-27
586,Shohei Ohtani,LAD,"DH,SP",LAA at OAK,6.5,7.5,0.5238095238095238,0.6124031007751938,(-110),(-158),2021-05-27
587,Chris Bassitt,TOR,SP,LAA at OAK,5.5,5.5,0.5238095238095238,0.49019607843137253,(-110),(+104),2021-05-27
588,Matt Peacock,FA,RP,STL at ARI,4.5,4.5,0.43103448275862066,0.6268656716417911,(+132),(-168),2021-05-27
589,Carlos Martinez,FA,SP,STL at ARI,3.5,3.5,0.5121951219512195,0.5283018867924528,(-105),(-112),2021-05-27
590,Alex Wood,OAK,"RP,SP",SF at LAD,5.5,6.5,0.5614035087719298,0.6428571428571429,(-128),(-180),2021-05-27
591,Hyun Jin Ryu,FA,SP,TOR at CLE,4.5,4.5,0.6062992125984252,0.45045045045045046,(-154),(+122),2021-05-28
592,Gerrit Cole,NYY,SP,NYY at DET,9.5,9.5,0.5726495726495726,0.46511627906976744,(-134),(+115),2021-05-28
593,Casey Mize,DET,SP,NYY at DET,4.5,4.5,0.5495495495495496,0.4878048780487805,(-122),(+105),2021-05-28
594,Martin Perez,PIT,"SP,RP",MIA at BOS,5.5,5.5,0.45454545454545453,0.6062992125984252,(+120),(-154),2021-05-28
595,Randy Dobnak,MIN,"SP,RP",KC at MIN,3.5,3.5,0.5575221238938053,0.46511627906976744,(-126),(+115),2021-05-28
596,Kris Bubic,KC,SP,KC at MIN,4.5,4.5,0.5,0.5283018867924528,(EVEN),(-112),2021-05-28
597,Madison Bumgarner,FA,SP,STL at ARI,5.5,5.5,0.5145631067961165,0.47619047619047616,(-106),(+110),2021-05-28
598,Sean Manaea,NYM,"SP,RP",LAA at OAK,4.5,5.5,0.6168582375478927,0.5867768595041323,(-161),(-142),2021-05-28
599,Shohei Ohtani,LAD,"DH,SP",LAA at OAK,6.5,6.5,0.49504950495049505,0.5614035087719298,(+102),(-128),2021-05-28
600,Justus Sheffield,FA,"RP,SP",TEX at SEA,4.5,5.5,0.6062992125984252,0.5798319327731093,(-154),(-138),2021-05-28
601,Jordan Lyles,KC,SP,TEX at SEA,4.5,4.5,0.4878048780487805,0.5412844036697247,(+105),(-118),2021-05-28
602,Anthony Desclafani,MIN,SP,SF at LAD,4.5,4.5,0.5652173913043478,0.49504950495049505,(-130),(+102),2021-05-28
603,Walker Buehler,LAD,SP,SF at LAD,7.5,7.5,0.5495495495495496,0.5,(-122),(EVEN),2021-05-28
604,Ryan Yarbrough,LAD,"SP,RP",PHI at TB,4.5,4.5,0.4878048780487805,0.5192307692307693,(+105),(-108),2021-05-29
605,Zack Wheeler,PHI,SP,PHI at TB,6.5,7.5,0.5983935742971888,0.6031746031746031,(-149),(-152),2021-05-29
606,Jon Lester,FA,SP,MIL at WSH,4.5,4.5,0.6062992125984252,0.46511627906976744,(-154),(+115),2021-05-29
607,Ja Happ,FA,SP,KC at MIN,5.5,5.5,0.45871559633027525,0.6,(+118),(-150),2021-05-29
608,Zach Davies,FA,SP,CIN at CHC,3.5,4.5,0.4878048780487805,0.6153846153846154,(+105),(-160),2021-05-29
609,Luis Castillo,SEA,SP,CIN at CHC,4.5,6.5,0.6168582375478927,0.6212121212121212,(-161),(-164),2021-05-29
610,Frankie Montas,CIN,"SP,RP",LAA at OAK,5.5,6.5,0.5708154506437768,0.6428571428571429,(-133),(-180),2021-05-29
611,Alex Cobb,SF,SP,LAA at OAK,4.5,4.5,0.46296296296296297,0.5967741935483871,(+116),(-148),2021-05-29
612,Deivi Garcia P,CWS,RP,NYY at DET,5.5,5.5,0.42735042735042733,0.6323529411764706,(+134),(-172),2021-05-29
613,Spencer Turnbull,FA,SP,NYY at DET,5.5,5.5,0.5412844036697247,0.5192307692307693,(-118),(-108),2021-05-29
614,Jake Odorizzi,FA,SP,SD at HOU,5.5,5.5,0.3968253968253968,0.6621621621621622,(+152),(-196),2021-05-29
615,Yu Darvish,SD,SP,SD at HOU,6.5,6.5,0.5098039215686274,0.5,(-104),(EVEN),2021-05-29
616,Trevor Rogers,MIA,SP,MIA at BOS,5.5,5.5,0.49019607843137253,0.5652173913043478,(+104),(-130),2021-05-29
617,Nathan Eovaldi,TEX,SP,MIA at BOS,5.5,5.5,0.5283018867924528,0.5283018867924528,(-112),(-112),2021-05-29
618,Dallas Keuchel,FA,SP,BAL at CWS,4.5,4.5,0.46511627906976744,0.5983935742971888,(+115),(-149),2021-05-29
619,Ian Anderson,ATL,SP,ATL at NYM,5.5,5.5,0.5726495726495726,0.4854368932038835,(-134),(+106),2021-05-29
620,Taijuan Walker,PHI,SP,ATL at NYM,5.5,5.5,0.47619047619047616,0.5614035087719298,(+110),(-128),2021-05-29
621,Julio Urias,FA,SP,SF at LAD,6.5,6.5,0.5454545454545454,0.504950495049505,(-120),(-102),2021-05-29
622,Jon Lester,FA,SP,MIL at WSH,4.5,4.5,0.5121951219512195,0.5614035087719298,(-105),(-128),2021-05-29
623,Seth Frankoff,FA,SP,STL at ARI,4.5,4.5,0.49019607843137253,0.5652173913043478,(+104),(-130),2021-05-29
624,Adam Wainwright,FA,SP,STL at ARI,4.5,5.5,0.6168582375478927,0.5614035087719298,(-161),(-128),2021-05-29
625,Kyle Freeland,COL,SP,COL at PIT,3.5,4.5,0.6254681647940075,0.6153846153846154,(-167),(-160),2021-05-30
626,Brandon Woodruff,FA,SP,MIL at WSH,6.5,7.5,0.588477366255144,0.5833333333333334,(-143),(-140),2021-05-30
627,Max Scherzer,TEX,SP,MIL at WSH,8.5,9.5,0.5412844036697247,0.6240601503759399,(-118),(-166),2021-05-30
628,Tarik Skubal,DET,SP,NYY at DET,5.5,6.5,0.5,0.6062992125984252,(EVEN),(-154),2021-05-30
629,Michael King,SD,"SP,RP",NYY at DET,4.5,4.5,0.3968253968253968,0.6621621621621622,(+152),(-196),2021-05-30
630,Ross Stripling,OAK,"SP,RP",TOR at CLE,3.5,3.5,0.5614035087719298,0.5,(-128),(EVEN),2021-05-30
631,Zach Eflin,TB,SP,PHI at TB,6.5,6.5,0.4807692307692308,0.5348837209302325,(+108),(-115),2021-05-30
632,Blake Snell,FA,SP,SD at HOU,6.5,6.5,0.423728813559322,0.5708154506437768,(+136),(-133),2021-05-30
633,Zack Greinke,FA,SP,SD at HOU,4.5,4.5,0.5348837209302325,0.5145631067961165,(-115),(-106),2021-05-30
634,Lucas Giolito,BOS,SP,BAL at CWS,7.5,8.5,0.4878048780487805,0.6453900709219859,(+105),(-182),2021-05-30
635,Brad Keller,FA,"SP,RP",KC at MIN,4.5,4.5,0.47619047619047616,0.5708154506437768,(+110),(-133),2021-05-30
636,Jake Arrieta,FA,SP,CIN at CHC,4.5,4.5,0.4444444444444444,0.5726495726495726,(+125),(-134),2021-05-30
637,Tyler Mahle,TEX,SP,CIN at CHC,5.5,6.5,0.5412844036697247,0.6268656716417911,(-118),(-168),2021-05-30
638,Sam Hentges,CLE,RP,TOR at CLE,5.5,5.5,0.4132231404958678,0.6453900709219859,(+142),(-182),2021-05-30
639,Ross Stripling,OAK,"SP,RP",TOR at CLE,3.5,4.5,0.5555555555555556,0.6124031007751938,(-125),(-158),2021-05-30
640,Jose Quintana,NYM,SP,LAA at OAK,4.5,5.5,0.6062992125984252,0.6124031007751938,(-154),(-158),2021-05-30
641,Cole Irvin,BAL,"SP,RP",LAA at OAK,4.5,4.5,0.43478260869565216,0.6240601503759399,(+130),(-166),2021-05-30
642,Yusei Kikuchi,TOR,SP,TEX at SEA,6.5,6.5,0.5575221238938053,0.46511627906976744,(-126),(+115),2021-05-30
643,Clayton Kershaw,LAD,SP,SF at LAD,6.5,6.5,0.5370370370370371,0.45454545454545453,(-116),(+120),2021-05-30
644,Kevin Gausman,TOR,SP,SF at LAD,6.5,6.5,0.4672897196261682,0.5614035087719298,(+114),(-128),2021-05-30
645,Kwang Hyun Kim,FA,"SP,RP",STL at ARI,3.5,3.5,0.5798319327731093,0.4807692307692308,(-138),(+108),2021-05-30
646,Jameson Taillon,CHC,SP,TB at NYY,6.5,6.5,0.46511627906976744,0.5283018867924528,(+115),(-112),2021-05-31
647,Rich Hill,FA,"RP,SP",TB at NYY,5.5,6.5,0.5614035087719298,0.6062992125984252,(-128),(-154),2021-05-31
648,Jorge Lopez,NYM,RP,MIN at BAL,4.5,4.5,0.4854368932038835,0.5708154506437768,(+106),(-133),2021-05-31
649,Jose Berrios,TOR,SP,MIN at BAL,6.5,6.5,0.4672897196261682,0.5901639344262295,(+114),(-144),2021-05-31
650,Wade Miley,MIL,SP,PHI at CIN,4.5,4.5,0.5098039215686274,0.5495495495495496,(-104),(-122),2021-05-31
651,Vincent Velasquez,FA,"SP,RP",PHI at CIN,5.5,6.5,0.5238095238095238,0.6268656716417911,(-110),(-168),2021-05-31
652,Corbin Burnes,BAL,SP,DET at MIL,10.5,10.5,0.4065040650406504,0.6551724137931034,(+146),(-190),2021-05-31
653,Triston Mckenzie P,CLE,SP,CWS at CLE,5.5,5.5,0.47619047619047616,0.5983935742971888,(+110),(-149),2021-05-31
654,Carlos Rodon,NYY,SP,CWS at CLE,6.5,6.5,0.6062992125984252,0.45454545454545453,(-154),(+120),2021-05-31
655,Johnny Cueto,FA,SP,LAA at SF,4.5,4.5,0.4878048780487805,0.5370370370370371,(+105),(-116),2021-05-31
656,Dylan Bundy,FA,SP,LAA at SF,5.5,5.5,0.45871559633027525,0.6,(+118),(-150),2021-05-31
657,Logan Gilbert,SEA,SP,OAK at SEA,5.5,5.5,0.43103448275862066,0.6268656716417911,(+132),(-168),2021-05-31
658,James Kaprielian,FA,SP,OAK at SEA,5.5,5.5,0.504950495049505,0.5535714285714286,(-102),(-124),2021-05-31
659,Jose Urquidy,HOU,"SP,RP",BOS at HOU,4.5,4.5,0.49504950495049505,0.5614035087719298,(+102),(-128),2021-05-31
660,Eduardo Rodriguez,ARI,SP,BOS at HOU,5.5,5.5,0.5,0.5555555555555556,(EVEN),(-125),2021-05-31
661,Charlie Morton,ATL,SP,WSH at ATL,5.5,6.5,0.6168582375478927,0.5934959349593496,(-161),(-146),2021-05-31
662,Aaron Civale,TB,SP,CWS at CLE,4.5,4.5,0.5708154506437768,0.5,(-133),(EVEN),2021-05-31
663,Dylan Cease,CWS,SP,CWS at CLE,4.5,4.5,0.5614035087719298,0.5121951219512195,(-128),(-105),2021-05-31
664,Mike Minor,FA,SP,PIT at KC,5.5,6.5,0.5555555555555556,0.635036496350365,(-125),(-174),2021-05-31
665,Trevor Bauer,FA,SP,STL at LAD,8.5,8.5,0.46511627906976744,0.5983935742971888,(+115),(-149),2021-05-31
666,Jack Flaherty,DET,SP,STL at LAD,6.5,6.5,0.45045045045045046,0.5815899581589958,(+122),(-139),2021-05-31
667,Jacob Degrom,TEX,SP,NYM at ARI,9.5,9.5,0.4132231404958678,0.6453900709219859,(+142),(-182),2021-05-31
668,Merrill Kelly,ARI,SP,NYM at ARI,5.5,5.5,0.45454545454545453,0.6031746031746031,(+120),(-152),2021-05-31
